2019-05-14T16:54:54.529214,1557870894.0,192.168.61.76,53580,b'+|200|100',b'0|300.0'
2019-05-14T16:54:54.528705,1557870894.0,192.168.61.76,53578,b'+|200|100',b'0|300.0'
2019-05-14T16:54:54.570287,1557870894.0,192.168.61.76,54098,b'+|200|100',b'0|300.0'
2019-05-14T16:54:54.573181,1557870894.0,192.168.61.76,54106,b'+|200|100',b'0|300.0'
2019-05-14T16:54:54.541845,1557870894.0,192.168.61.76,53974,b'+|200|100',b'0|300.0'
2019-05-14T16:54:54.568968,1557870894.0,192.168.61.76,54094,b'+|200|100',b'0|300.0'
2019-05-14T16:54:54.538843,1557870894.0,192.168.61.76,53870,b'+|200|100',b'0|300.0'
2019-05-14T16:54:54.529749,1557870894.0,192.168.61.76,53582,b'+|200|100',b'0|300.0'
2019-05-14T16:54:54.544801,1557870894.0,192.168.61.76,54052,b'+|200|100',b'0|300.0'
2019-05-14T16:54:54.530245,1557870894.0,192.168.61.76,53584,b'+|200|100',b'0|300.0'
2019-05-14T16:54:54.531883,1557870894.0,192.168.61.76,53590,b'+|200|100',b'0|300.0'
2019-05-14T16:54:54.531386,1557870894.0,192.168.61.76,53588,b'+|200|100',b'0|300.0'
2019-05-14T16:54:54.534538,1557870894.0,192.168.61.76,53600,b'+|200|100',b'0|300.0'
2019-05-14T16:54:54.534313,1557870894.0,192.168.61.76,53598,b'+|200|100',b'0|300.0'
2019-05-14T16:54:54.533300,1557870894.0,192.168.61.76,53594,b'+|200|100',b'0|300.0'
2019-05-14T16:54:54.532448,1557870894.0,192.168.61.76,53592,b'+|200|100',b'0|300.0'
2019-05-14T16:54:54.530926,1557870894.0,192.168.61.76,53586,b'+|200|100',b'0|300.0'
2019-05-14T16:54:54.533675,1557870894.0,192.168.61.76,53596,b'+|200|100',b'0|300.0'
2019-05-14T16:54:54.538347,1557870894.0,192.168.61.76,53850,b'+|200|100',b'0|300.0'
2019-05-14T16:54:54.537955,1557870894.0,192.168.61.76,53826,b'+|200|100',b'0|300.0'
2019-05-14T16:54:54.536679,1557870894.0,192.168.61.76,53784,b'+|200|100',b'0|300.0'
2019-05-14T16:54:54.535549,1557870894.0,192.168.61.76,53752,b'+|200|100',b'0|300.0'
2019-05-14T16:54:54.537685,1557870894.0,192.168.61.76,53804,b'+|200|100',b'0|300.0'
2019-05-14T16:54:54.537224,1557870894.0,192.168.61.76,53802,b'+|200|100',b'0|300.0'
2019-05-14T16:54:54.535650,1557870894.0,192.168.61.76,53768,b'+|200|100',b'0|300.0'
2019-05-14T16:54:54.540236,1557870894.0,192.168.61.76,53892,b'+|200|100',b'0|300.0'
2019-05-14T16:54:54.540238,1557870894.0,192.168.61.76,53912,b'+|200|100',b'0|300.0'
2019-05-14T16:54:54.541308,1557870894.0,192.168.61.76,53954,b'+|200|100',b'0|300.0'
2019-05-14T16:54:54.540582,1557870894.0,192.168.61.76,53932,b'+|200|100',b'0|300.0'
2019-05-14T16:54:54.543542,1557870894.0,192.168.61.76,54018,b'+|200|100',b'0|300.0'
2019-05-14T16:54:54.545667,1557870894.0,192.168.61.76,54072,b'+|200|100',b'0|300.0'
2019-05-14T16:54:54.544758,1557870894.0,192.168.61.76,54038,b'+|200|100',b'0|300.0'
2019-05-14T16:54:54.542842,1557870894.0,192.168.61.76,53996,b'+|200|100',b'0|300.0'
2019-05-14T16:54:54.567228,1557870894.0,192.168.61.76,54090,b'+|200|100',b'0|300.0'
2019-05-14T16:54:54.568305,1557870894.0,192.168.61.76,54092,b'+|200|100',b'0|300.0'
2019-05-14T16:54:54.567807,1557870894.0,192.168.61.76,54084,b'+|200|100',b'0|300.0'
2019-05-14T16:54:54.569391,1557870894.0,192.168.61.76,54096,b'+|200|100',b'0|300.0'
2019-05-14T16:54:54.566643,1557870894.0,192.168.61.76,54086,b'+|200|100',b'0|300.0'
2019-05-14T16:54:54.572629,1557870894.0,192.168.61.76,54104,b'+|200|100',b'0|300.0'
2019-05-14T16:54:54.573323,1557870894.0,192.168.61.76,54186,b'+|200|100',b'0|300.0'
2019-05-14T16:54:54.574609,1557870894.0,192.168.61.76,54138,b'+|200|100',b'0|300.0'
2019-05-14T16:54:54.571588,1557870894.0,192.168.61.76,54102,b'+|200|100',b'0|300.0'
2019-05-14T16:54:54.571434,1557870894.0,192.168.61.76,54100,b'+|200|100',b'0|300.0'
2019-05-14T16:54:54.574457,1557870894.0,192.168.61.76,54596,b'+|200|100',b'0|300.0'
2019-05-14T16:54:54.593858,1557870894.0,192.168.60.219,52328,b'+|200|100',b'0|300.0'
2019-05-14T16:54:54.592683,1557870894.0,192.168.60.219,52326,b'+|200|100',b'0|300.0'
2019-05-14T16:54:54.593307,1557870894.0,192.168.60.219,52327,b'+|200|100',b'0|300.0'
2019-05-14T16:54:54.592256,1557870894.0,192.168.60.219,52325,b'+|200|100',b'0|300.0'
2019-05-14T16:54:54.594415,1557870894.0,192.168.60.219,52329,b'+|200|100',b'0|300.0'
2019-05-14T16:54:54.597516,1557870894.0,192.168.60.219,52334,b'+|200|100',b'0|300.0'
2019-05-14T16:54:54.596170,1557870894.0,192.168.60.219,52332,b'+|200|100',b'0|300.0'
2019-05-14T16:54:54.595022,1557870894.0,192.168.60.219,52330,b'+|200|100',b'0|300.0'
2019-05-14T16:54:54.596949,1557870894.0,192.168.60.219,52333,b'+|200|100',b'0|300.0'
2019-05-14T16:54:54.598058,1557870894.0,192.168.60.219,52335,b'+|200|100',b'0|300.0'
2019-05-14T16:54:54.595622,1557870894.0,192.168.60.219,52331,b'+|200|100',b'0|300.0'
2019-05-14T16:54:54.600131,1557870894.0,192.168.60.219,52338,b'+|200|100',b'0|300.0'
2019-05-14T16:54:54.598738,1557870894.0,192.168.60.219,52337,b'+|200|100',b'0|300.0'
2019-05-14T16:54:54.599330,1557870894.0,192.168.60.219,52336,b'+|200|100',b'0|300.0'
2019-05-14T16:54:54.601279,1557870894.0,192.168.60.219,52339,b'+|200|100',b'0|300.0'
2019-05-14T16:54:54.602124,1557870894.0,192.168.60.219,52340,b'+|200|100',b'0|300.0'
2019-05-14T16:54:54.602386,1557870894.0,192.168.60.219,52344,b'+|200|100',b'0|300.0'
2019-05-14T16:54:54.605319,1557870894.0,192.168.60.219,52361,b'+|200|100',b'0|300.0'
2019-05-14T16:54:54.603399,1557870894.0,192.168.60.219,52348,b'+|200|100',b'0|300.0'
2019-05-14T16:54:54.605981,1557870894.0,192.168.60.219,52366,b'+|200|100',b'0|300.0'
2019-05-14T16:54:54.604085,1557870894.0,192.168.60.219,52352,b'+|200|100',b'0|300.0'
2019-05-14T16:54:54.604725,1557870894.0,192.168.60.219,52356,b'+|200|100',b'0|300.0'
2019-05-14T16:54:54.608923,1557870894.0,192.168.61.76,55208,b'+|200|100',b'0|300.0'
2019-05-14T16:54:54.607798,1557870894.0,192.168.61.76,54986,b'+|200|100',b'0|300.0'
2019-05-14T16:54:54.610438,1557870894.0,192.168.60.219,52410,b'+|200|100',b'0|300.0'
2019-05-14T16:54:54.607045,1557870894.0,192.168.61.76,54642,b'+|200|100',b'0|300.0'
2019-05-14T16:54:54.607594,1557870894.0,192.168.61.76,54776,b'+|200|100',b'0|300.0'
2019-05-14T16:54:54.609478,1557870894.0,192.168.61.76,54606,b'+|200|100',b'0|300.0'
2019-05-14T16:54:54.611706,1557870894.0,192.168.60.219,52420,b'+|200|100',b'0|300.0'
2019-05-14T16:54:54.614254,1557870894.0,192.168.60.219,52440,b'+|200|100',b'0|300.0'
2019-05-14T16:54:54.611160,1557870894.0,192.168.60.219,52415,b'+|200|100',b'0|300.0'
2019-05-14T16:54:54.614618,1557870894.0,192.168.60.219,52445,b'+|200|100',b'0|300.0'
2019-05-14T16:54:54.612420,1557870894.0,192.168.60.219,52427,b'+|200|100',b'0|300.0'
2019-05-14T16:54:54.613605,1557870894.0,192.168.60.219,52435,b'+|200|100',b'0|300.0'
2019-05-14T16:54:54.611555,1557870894.0,192.168.61.76,55004,b'+|200|100',b'0|300.0'
2019-05-14T16:54:54.616709,1557870894.0,192.168.60.219,52460,b'+|200|100',b'0|300.0'
2019-05-14T16:54:54.617201,1557870894.0,192.168.60.219,52465,b'+|200|100',b'0|300.0'
2019-05-14T16:54:54.615904,1557870894.0,192.168.60.219,52450,b'+|200|100',b'0|300.0'
2019-05-14T16:54:54.617945,1557870894.0,192.168.60.219,52471,b'+|200|100',b'0|300.0'
2019-05-14T16:54:54.615904,1557870894.0,192.168.60.219,52455,b'+|200|100',b'0|300.0'
2019-05-14T16:54:54.622129,1557870894.0,192.168.60.219,52498,b'+|200|100',b'0|300.0'
2019-05-14T16:54:54.620045,1557870894.0,192.168.60.219,52477,b'+|200|100',b'0|300.0'
2019-05-14T16:54:54.619938,1557870894.0,192.168.60.219,52482,b'+|200|100',b'0|300.0'
2019-05-14T16:54:54.620562,1557870894.0,192.168.60.219,52487,b'+|200|100',b'0|300.0'
2019-05-14T16:54:54.624243,1557870894.0,192.168.60.219,52514,b'+|200|100',b'0|300.0'
2019-05-14T16:54:54.624751,1557870894.0,192.168.60.219,52509,b'+|200|100',b'0|300.0'
2019-05-14T16:54:54.623047,1557870894.0,192.168.60.219,52493,b'+|200|100',b'0|300.0'
2019-05-14T16:54:54.623211,1557870894.0,192.168.60.219,52504,b'+|200|100',b'0|300.0'
2019-05-14T16:54:54.626330,1557870894.0,192.168.60.219,52522,b'+|200|100',b'0|300.0'
2019-05-14T16:54:54.625431,1557870894.0,192.168.60.219,52521,b'+|200|100',b'0|300.0'
2019-05-14T16:54:54.630586,1557870894.0,192.168.60.219,52559,b'+|200|100',b'0|300.0'
2019-05-14T16:54:54.627046,1557870894.0,192.168.60.219,52530,b'+|200|100',b'0|300.0'
2019-05-14T16:54:54.627692,1557870894.0,192.168.60.219,52537,b'+|200|100',b'0|300.0'
2019-05-14T16:54:54.628613,1557870894.0,192.168.60.219,52543,b'+|200|100',b'0|300.0'
2019-05-14T16:54:54.629656,1557870894.0,192.168.60.219,52552,b'+|200|100',b'0|300.0'
2019-05-14T16:54:54.634538,1557870894.0,192.168.60.219,52592,b'+|200|100',b'0|300.0'
2019-05-14T16:54:54.632043,1557870894.0,192.168.60.219,52565,b'+|200|100',b'0|300.0'
2019-05-14T16:54:54.632559,1557870894.0,192.168.60.219,52578,b'+|200|100',b'0|300.0'
2019-05-14T16:54:54.632327,1557870894.0,192.168.60.219,52572,b'+|200|100',b'0|300.0'
2019-05-14T16:54:54.633715,1557870894.0,192.168.60.219,52585,b'+|200|100',b'0|300.0'
2019-05-14T16:54:54.636551,1557870894.0,192.168.60.219,52607,b'+|200|100',b'0|300.0'
2019-05-14T16:54:54.636008,1557870894.0,192.168.60.219,52600,b'+|200|100',b'0|300.0'
2019-05-14T16:54:54.642569,1557870894.0,192.168.60.219,52634,b'+|200|100',b'0|300.0'
2019-05-14T16:54:54.640614,1557870894.0,192.168.60.219,52621,b'+|200|100',b'0|300.0'
2019-05-14T16:54:54.640996,1557870894.0,192.168.60.219,52628,b'+|200|100',b'0|300.0'
2019-05-14T16:54:54.639289,1557870894.0,192.168.60.219,52615,b'+|200|100',b'0|300.0'
2019-05-14T16:54:54.646432,1557870894.0,192.168.60.219,52660,b'+|200|100',b'0|300.0'
2019-05-14T16:54:54.644505,1557870894.0,192.168.60.219,52640,b'+|200|100',b'0|300.0'
2019-05-14T16:54:54.646430,1557870894.0,192.168.60.219,52653,b'+|200|100',b'0|300.0'
2019-05-14T16:54:54.644504,1557870894.0,192.168.60.219,52646,b'+|200|100',b'0|300.0'
2019-05-14T16:54:54.646431,1557870894.0,192.168.60.219,52668,b'+|200|100',b'0|300.0'
2019-05-14T16:54:54.648467,1557870894.0,192.168.60.219,52685,b'+|200|100',b'0|300.0'
2019-05-14T16:54:54.648505,1557870894.0,192.168.60.219,52676,b'+|200|100',b'0|300.0'
2019-05-14T16:54:54.650097,1557870894.0,192.168.60.219,52694,b'+|200|100',b'0|300.0'
2019-05-14T16:54:54.653311,1557870894.0,192.168.60.219,52730,b'+|200|100',b'0|300.0'
2019-05-14T16:54:54.650921,1557870894.0,192.168.60.219,52703,b'+|200|100',b'0|300.0'
2019-05-14T16:54:54.653393,1557870894.0,192.168.60.219,52744,b'+|200|100',b'0|300.0'
2019-05-14T16:54:54.651134,1557870894.0,192.168.60.219,52709,b'+|200|100',b'0|300.0'
2019-05-14T16:54:54.657363,1557870894.0,192.168.60.219,52760,b'+|200|100',b'0|300.0'
2019-05-14T16:54:54.655568,1557870894.0,192.168.60.219,52753,b'+|200|100',b'0|300.0'
2019-05-14T16:54:54.661149,1557870894.0,192.168.60.219,52780,b'+|200|100',b'0|300.0'
2019-05-14T16:54:54.659348,1557870894.0,192.168.60.219,52774,b'+|200|100',b'0|300.0'
2019-05-14T16:54:54.661231,1557870894.0,192.168.60.219,52787,b'+|200|100',b'0|300.0'
2019-05-14T16:54:54.659348,1557870894.0,192.168.60.219,52767,b'+|200|100',b'0|300.0'
2019-05-14T16:54:54.665016,1557870894.0,192.168.60.219,52817,b'+|200|100',b'0|300.0'
2019-05-14T16:54:54.663140,1557870894.0,192.168.60.219,52793,b'+|200|100',b'0|300.0'
2019-05-14T16:54:54.663139,1557870894.0,192.168.60.219,52801,b'+|200|100',b'0|300.0'
2019-05-14T16:54:54.665151,1557870894.0,192.168.60.219,52808,b'+|200|100',b'0|300.0'
2019-05-14T16:54:54.669092,1557870894.0,192.168.60.219,52863,b'+|200|100',b'0|300.0'
2019-05-14T16:54:54.669172,1557870894.0,192.168.60.219,52846,b'+|200|100',b'0|300.0'
2019-05-14T16:54:54.666940,1557870894.0,192.168.60.219,52826,b'+|200|100',b'0|300.0'
2019-05-14T16:54:54.667211,1557870894.0,192.168.60.219,52836,b'+|200|100',b'0|300.0'
2019-05-14T16:54:54.674634,1557870894.0,192.168.60.219,52914,b'+|200|100',b'0|300.0'
2019-05-14T16:54:54.672646,1557870894.0,192.168.60.219,52895,b'+|200|100',b'0|300.0'
2019-05-14T16:54:54.673166,1557870894.0,192.168.60.219,52887,b'+|200|100',b'0|300.0'
2019-05-14T16:54:54.670956,1557870894.0,192.168.60.219,52877,b'+|200|100',b'0|300.0'
2019-05-14T16:54:54.673474,1557870894.0,192.168.60.219,52903,b'+|200|100',b'0|300.0'
2019-05-14T16:54:54.677683,1557870894.0,192.168.60.219,52938,b'+|200|100',b'0|300.0'
2019-05-14T16:54:54.676540,1557870894.0,192.168.60.219,52924,b'+|200|100',b'0|300.0'
2019-05-14T16:54:54.678537,1557870894.0,192.168.60.219,52948,b'+|200|100',b'0|300.0'
2019-05-14T16:54:54.678492,1557870894.0,192.168.60.219,52931,b'+|200|100',b'0|300.0'
2019-05-14T16:54:54.681709,1557870894.0,192.168.60.219,52973,b'+|200|100',b'0|300.0'
2019-05-14T16:54:54.680760,1557870894.0,192.168.60.219,52963,b'+|200|100',b'0|300.0'
2019-05-14T16:54:54.679715,1557870894.0,192.168.60.219,52959,b'+|200|100',b'0|300.0'
2019-05-14T16:54:54.686074,1557870894.0,192.168.60.219,52999,b'+|200|100',b'0|300.0'
2019-05-14T16:54:54.683939,1557870894.0,192.168.60.219,52982,b'+|200|100',b'0|300.0'
2019-05-14T16:54:54.684834,1557870894.0,192.168.60.219,52991,b'+|200|100',b'0|300.0'
2019-05-14T16:54:54.686073,1557870894.0,192.168.60.219,53009,b'+|200|100',b'0|300.0'
2019-05-14T16:54:54.688168,1557870894.0,192.168.60.219,53019,b'+|200|100',b'0|300.0'
2019-05-14T16:54:54.689421,1557870894.0,192.168.60.219,53029,b'+|200|100',b'0|300.0'
2019-05-14T16:54:54.693804,1557870894.0,192.168.60.219,53063,b'+|200|100',b'0|300.0'
2019-05-14T16:54:54.691276,1557870894.0,192.168.60.219,53037,b'+|200|100',b'0|300.0'
2019-05-14T16:54:54.693108,1557870894.0,192.168.60.219,53046,b'+|200|100',b'0|300.0'
2019-05-14T16:54:54.693143,1557870894.0,192.168.60.219,53054,b'+|200|100',b'0|300.0'
2019-05-14T16:54:54.698480,1557870894.0,192.168.60.219,53089,b'+|200|100',b'0|300.0'
2019-05-14T16:54:54.698480,1557870894.0,192.168.60.219,53098,b'+|200|100',b'0|300.0'
2019-05-14T16:54:54.696592,1557870894.0,192.168.60.219,53079,b'+|200|100',b'0|300.0'
2019-05-14T16:54:54.695196,1557870894.0,192.168.60.219,53070,b'+|200|100',b'0|300.0'
2019-05-14T16:54:54.700452,1557870894.0,192.168.60.219,53115,b'+|200|100',b'0|300.0'
2019-05-14T16:54:54.700269,1557870894.0,192.168.60.219,53107,b'+|200|100',b'0|300.0'
2019-05-14T16:54:54.702083,1557870894.0,192.168.60.219,53125,b'+|200|100',b'0|300.0'
2019-05-14T16:54:54.703976,1557870894.0,192.168.60.219,53155,b'+|200|100',b'0|300.0'
2019-05-14T16:54:54.705835,1557870894.0,192.168.60.219,53164,b'+|200|100',b'0|300.0'
2019-05-14T16:54:54.703978,1557870894.0,192.168.60.219,53144,b'+|200|100',b'0|300.0'
2019-05-14T16:54:54.707721,1557870894.0,192.168.60.219,53173,b'+|200|100',b'0|300.0'
2019-05-14T16:54:54.709126,1557870894.0,192.168.60.219,53195,b'+|200|100',b'0|300.0'
2019-05-14T16:54:54.707055,1557870894.0,192.168.60.219,53184,b'+|200|100',b'0|300.0'
2019-05-14T16:54:54.709606,1557870894.0,192.168.60.219,53204,b'+|200|100',b'0|300.0'
2019-05-14T16:54:54.714283,1557870894.0,192.168.60.219,53242,b'+|200|100',b'0|300.0'
2019-05-14T16:54:54.712382,1557870894.0,192.168.60.219,53223,b'+|200|100',b'0|300.0'
2019-05-14T16:54:54.711356,1557870894.0,192.168.60.219,53214,b'+|200|100',b'0|300.0'
2019-05-14T16:54:54.713298,1557870894.0,192.168.60.219,53233,b'+|200|100',b'0|300.0'
2019-05-14T16:54:54.718140,1557870894.0,192.168.60.219,53271,b'+|200|100',b'0|300.0'
2019-05-14T16:54:54.716240,1557870894.0,192.168.60.219,53252,b'+|200|100',b'0|300.0'
2019-05-14T16:54:54.717065,1557870894.0,192.168.60.219,53262,b'+|200|100',b'0|300.0'
2019-05-14T16:54:54.722436,1557870894.0,192.168.60.219,53301,b'+|200|100',b'0|300.0'
2019-05-14T16:54:54.718997,1557870894.0,192.168.60.219,53281,b'+|200|100',b'0|300.0'
2019-05-14T16:54:54.721029,1557870894.0,192.168.60.219,53291,b'+|200|100',b'0|300.0'
2019-05-14T16:54:54.724411,1557870894.0,192.168.60.219,53323,b'+|200|100',b'0|300.0'
2019-05-14T16:54:54.724410,1557870894.0,192.168.60.219,53310,b'+|200|100',b'0|300.0'
2019-05-14T16:54:54.736152,1557870894.0,192.168.61.76,53602,b'+|200|100',b'0|300.0'
2019-05-14T16:54:54.741479,1557870894.0,192.168.61.76,53832,b'+|200|100',b'0|300.0'
2019-05-14T16:54:54.743570,1557870894.0,192.168.61.76,53788,b'+|200|100',b'0|300.0'
2019-05-14T16:54:54.747713,1557870894.0,192.168.61.76,53808,b'+|200|100',b'0|300.0'
2019-05-14T16:54:54.746825,1557870894.0,192.168.61.76,53828,b'+|200|100',b'0|300.0'
2019-05-14T16:54:54.749820,1557870894.0,192.168.61.76,53852,b'+|200|100',b'0|300.0'
2019-05-14T16:54:54.756852,1557870894.0,192.168.61.76,53872,b'+|200|100',b'0|300.0'
2019-05-14T16:54:54.753115,1557870894.0,192.168.61.76,53810,b'+|200|100',b'0|300.0'
2019-05-14T16:54:54.751455,1557870894.0,192.168.61.76,53806,b'+|200|100',b'0|300.0'
2019-05-14T16:54:54.755424,1557870894.0,192.168.61.76,53756,b'+|200|100',b'0|300.0'
2019-05-14T16:54:54.760946,1557870894.0,192.168.61.76,53790,b'+|200|100',b'0|300.0'
2019-05-14T16:54:54.759123,1557870894.0,192.168.61.76,53854,b'+|200|100',b'0|300.0'
2019-05-14T16:54:54.761287,1557870894.0,192.168.61.76,54002,b'+|200|100',b'0|300.0'
2019-05-14T16:54:54.763515,1557870894.0,192.168.61.76,54056,b'+|200|100',b'0|300.0'
2019-05-14T16:54:54.764911,1557870894.0,192.168.61.76,54076,b'+|200|100',b'0|300.0'
2019-05-14T16:54:54.762940,1557870894.0,192.168.61.76,53976,b'+|200|100',b'0|300.0'
2019-05-14T16:54:54.777745,1557870894.0,192.168.61.76,54228,b'+|200|100',b'0|300.0'
2019-05-14T16:54:54.776958,1557870894.0,192.168.61.76,54180,b'+|200|100',b'0|300.0'
2019-05-14T16:54:54.807706,1557870894.0,192.168.61.76,55222,b'+|200|100',b'0|300.0'
2019-05-14T16:54:54.775814,1557870894.0,192.168.61.76,54526,b'+|200|100',b'0|300.0'
2019-05-14T16:54:54.785542,1557870894.0,192.168.61.76,54210,b'+|200|100',b'0|300.0'
2019-05-14T16:54:54.828925,1557870894.0,192.168.60.219,52538,b'+|200|100',b'0|300.0'
2019-05-14T16:54:54.778116,1557870894.0,192.168.61.76,54160,b'+|200|100',b'0|300.0'
2019-05-14T16:54:54.781455,1557870894.0,192.168.61.76,54206,b'+|200|100',b'0|300.0'
2019-05-14T16:54:54.781903,1557870894.0,192.168.61.76,54528,b'+|200|100',b'0|300.0'
2019-05-14T16:54:54.779602,1557870894.0,192.168.61.76,54220,b'+|200|100',b'0|300.0'
2019-05-14T16:54:54.786152,1557870894.0,192.168.61.76,54110,b'+|200|100',b'0|300.0'
2019-05-14T16:54:54.783645,1557870894.0,192.168.61.76,54208,b'+|200|100',b'0|300.0'
2019-05-14T16:54:54.787740,1557870894.0,192.168.61.76,54120,b'+|200|100',b'0|300.0'
2019-05-14T16:54:54.808651,1557870894.0,192.168.61.76,55006,b'+|200|100',b'0|300.0'
2019-05-14T16:54:54.810282,1557870894.0,192.168.61.76,54788,b'+|200|100',b'0|300.0'
2019-05-14T16:54:54.808951,1557870894.0,192.168.61.76,54990,b'+|200|100',b'0|300.0'
2019-05-14T16:54:54.811583,1557870894.0,192.168.61.76,54998,b'+|200|100',b'0|300.0'
2019-05-14T16:54:54.813441,1557870894.0,192.168.61.76,54780,b'+|200|100',b'0|300.0'
2019-05-14T16:54:54.817672,1557870894.0,192.168.61.76,55220,b'+|200|100',b'0|300.0'
2019-05-14T16:54:54.825017,1557870894.0,192.168.60.219,52421,b'+|200|100',b'0|300.0'
2019-05-14T16:54:54.815786,1557870894.0,192.168.61.76,55244,b'+|200|100',b'0|300.0'
2019-05-14T16:54:54.845117,1557870894.0,192.168.60.219,52553,b'+|200|100',b'0|300.0'
2019-05-14T16:54:54.814648,1557870894.0,192.168.61.76,55232,b'+|200|100',b'0|300.0'
2019-05-14T16:54:54.820023,1557870894.0,192.168.61.76,54996,b'+|200|100',b'0|300.0'
2019-05-14T16:54:54.820306,1557870894.0,192.168.61.76,54648,b'+|200|100',b'0|300.0'
2019-05-14T16:54:54.821927,1557870894.0,192.168.60.219,52416,b'+|200|100',b'0|300.0'
2019-05-14T16:54:54.823852,1557870894.0,192.168.60.219,52411,b'+|200|100',b'0|300.0'
2019-05-14T16:54:54.826911,1557870894.0,192.168.60.219,52531,b'+|200|100',b'0|300.0'
2019-05-14T16:54:54.828584,1557870894.0,192.168.60.219,52428,b'+|200|100',b'0|300.0'
2019-05-14T16:54:54.844103,1557870894.0,192.168.60.219,52654,b'+|200|100',b'0|300.0'
2019-05-14T16:54:54.845612,1557870894.0,192.168.60.219,52661,b'+|200|100',b'0|300.0'
2019-05-14T16:54:54.842768,1557870894.0,192.168.60.219,52544,b'+|200|100',b'0|300.0'
2019-05-14T16:54:54.847298,1557870894.0,192.168.60.219,52515,b'+|200|100',b'0|300.0'
2019-05-14T16:54:54.857359,1557870894.0,192.168.60.219,52794,b'+|200|100',b'0|300.0'
2019-05-14T16:54:54.860076,1557870894.0,192.168.60.219,52677,b'+|200|100',b'0|300.0'
2019-05-14T16:54:54.859240,1557870894.0,192.168.60.219,52802,b'+|200|100',b'0|300.0'
2019-05-14T16:54:54.861938,1557870894.0,192.168.60.219,52788,b'+|200|100',b'0|300.0'
2019-05-14T16:54:54.877373,1557870894.0,192.168.60.219,52809,b'+|200|100',b'0|300.0'
2019-05-14T16:54:54.864564,1557870894.0,192.168.60.219,52781,b'+|200|100',b'0|300.0'
2019-05-14T16:54:54.863846,1557870894.0,192.168.60.219,52686,b'+|200|100',b'0|300.0'
2019-05-14T16:54:54.874485,1557870894.0,192.168.60.219,52925,b'+|200|100',b'0|300.0'
2019-05-14T16:54:54.872548,1557870894.0,192.168.60.219,52915,b'+|200|100',b'0|300.0'
2019-05-14T16:54:54.878506,1557870894.0,192.168.60.219,52932,b'+|200|100',b'0|300.0'
2019-05-14T16:54:54.875496,1557870894.0,192.168.60.219,52818,b'+|200|100',b'0|300.0'
2019-05-14T16:54:54.890157,1557870894.0,192.168.60.219,52949,b'+|200|100',b'0|300.0'
2019-05-14T16:54:54.888723,1557870894.0,192.168.60.219,53064,b'+|200|100',b'0|300.0'
2019-05-14T16:54:54.906301,1557870894.0,192.168.60.219,52345,b'+|200|100',b'0|300.0'
2019-05-14T16:54:54.904972,1557870894.0,192.168.60.219,52353,b'+|200|100',b'0|300.0'
2019-05-14T16:54:54.937334,1557870894.0,192.168.60.219,53196,b'+|200|100',b'0|300.0'
2019-05-14T16:54:54.965001,1557870894.0,192.168.61.76,53772,b'+|200|100',b'0|300.0'
2019-05-14T16:54:54.929208,1557870894.0,192.168.60.219,53055,b'+|200|100',b'0|300.0'
2019-05-14T16:54:54.931055,1557870894.0,192.168.60.219,53185,b'+|200|100',b'0|300.0'
2019-05-14T16:54:54.932857,1557870894.0,192.168.60.219,52349,b'+|200|100',b'0|300.0'
2019-05-14T16:54:54.934766,1557870894.0,192.168.60.219,53080,b'+|200|100',b'0|300.0'
2019-05-14T16:54:54.966842,1557870894.0,192.168.61.76,53876,b'+|200|100',b'0|300.0'
2019-05-14T16:54:54.941100,1557870894.0,192.168.60.219,52367,b'+|200|100',b'0|300.0'
2019-05-14T16:54:54.950468,1557870894.0,192.168.60.219,52472,b'+|200|100',b'0|300.0'
2019-05-14T16:54:54.938975,1557870894.0,192.168.60.219,52377,b'+|200|100',b'0|300.0'
2019-05-14T16:54:54.942753,1557870894.0,192.168.60.219,52384,b'+|200|100',b'0|300.0'
2019-05-14T16:54:55.000105,1557870895.0,192.168.60.219,53010,b'+|200|100',b'0|300.0'
2019-05-14T16:54:55.001984,1557870895.0,192.168.60.219,53020,b'+|200|100',b'0|300.0'
2019-05-14T16:54:54.956248,1557870894.0,192.168.60.219,52586,b'+|200|100',b'0|300.0'
2019-05-14T16:54:54.946558,1557870894.0,192.168.60.219,52483,b'+|200|100',b'0|300.0'
2019-05-14T16:54:54.944814,1557870894.0,192.168.60.219,52391,b'+|200|100',b'0|300.0'
2019-05-14T16:54:54.948698,1557870894.0,192.168.60.219,52446,b'+|200|100',b'0|300.0'
2019-05-14T16:54:54.954341,1557870894.0,192.168.60.219,52573,b'+|200|100',b'0|300.0'
2019-05-14T16:54:54.952435,1557870894.0,192.168.60.219,53224,b'+|200|100',b'0|300.0'
2019-05-14T16:54:54.958287,1557870894.0,192.168.61.76,53770,b'+|200|100',b'0|300.0'
2019-05-14T16:54:54.961117,1557870894.0,192.168.61.76,53830,b'+|200|100',b'0|300.0'
2019-05-14T16:54:54.959260,1557870894.0,192.168.61.76,53754,b'+|200|100',b'0|300.0'
2019-05-14T16:54:54.962955,1557870894.0,192.168.61.76,53786,b'+|200|100',b'0|300.0'
2019-05-14T16:54:54.969051,1557870894.0,192.168.61.76,54024,b'+|200|100',b'0|300.0'
2019-05-14T16:54:54.970641,1557870894.0,192.168.61.76,53896,b'+|200|100',b'0|300.0'
2019-05-14T16:54:54.972576,1557870894.0,192.168.61.76,54054,b'+|200|100',b'0|300.0'
2019-05-14T16:54:54.974463,1557870894.0,192.168.61.76,54074,b'+|200|100',b'0|300.0'
2019-05-14T16:54:54.975917,1557870894.0,192.168.60.219,52864,b'+|200|100',b'0|300.0'
2019-05-14T16:54:54.977779,1557870894.0,192.168.60.219,52837,b'+|200|100',b'0|300.0'
2019-05-14T16:54:54.979401,1557870894.0,192.168.60.219,52896,b'+|200|100',b'0|300.0'
2019-05-14T16:54:54.981294,1557870894.0,192.168.60.219,52888,b'+|200|100',b'0|300.0'
2019-05-14T16:54:54.983218,1557870894.0,192.168.60.219,52904,b'+|200|100',b'0|300.0'
2019-05-14T16:54:54.985081,1557870894.0,192.168.60.219,52827,b'+|200|100',b'0|300.0'
2019-05-14T16:54:54.986958,1557870894.0,192.168.60.219,52878,b'+|200|100',b'0|300.0'
2019-05-14T16:54:54.989121,1557870894.0,192.168.60.219,53000,b'+|200|100',b'0|300.0'
2019-05-14T16:54:54.992720,1557870894.0,192.168.60.219,53038,b'+|200|100',b'0|300.0'
2019-05-14T16:54:54.994575,1557870894.0,192.168.60.219,52983,b'+|200|100',b'0|300.0'
2019-05-14T16:54:55.004157,1557870895.0,192.168.60.219,53145,b'+|200|100',b'0|300.0'
2019-05-14T16:54:54.990804,1557870894.0,192.168.60.219,52974,b'+|200|100',b'0|300.0'
2019-05-14T16:54:55.006059,1557870895.0,192.168.60.219,53126,b'+|200|100',b'0|300.0'
2019-05-14T16:54:54.996396,1557870894.0,192.168.60.219,52992,b'+|200|100',b'0|300.0'
2019-05-14T16:54:54.998274,1557870894.0,192.168.60.219,52964,b'+|200|100',b'0|300.0'
2019-05-14T16:54:55.007906,1557870895.0,192.168.60.219,53234,b'+|200|100',b'0|300.0'
2019-05-14T16:54:55.009800,1557870895.0,192.168.60.219,53156,b'+|200|100',b'0|300.0'
2019-05-14T16:54:55.011711,1557870895.0,192.168.60.219,53311,b'+|200|100',b'0|300.0'
2019-05-14T16:54:55.013654,1557870895.0,192.168.60.219,53263,b'+|200|100',b'0|300.0'
2019-05-14T16:54:55.015579,1557870895.0,192.168.60.219,53282,b'+|200|100',b'0|300.0'
2019-05-14T16:54:55.021746,1557870895.0,192.168.60.219,53302,b'+|200|100',b'0|300.0'
2019-05-14T16:54:55.019964,1557870895.0,192.168.60.219,53243,b'+|200|100',b'0|300.0'
2019-05-14T16:54:55.019817,1557870895.0,192.168.60.219,53272,b'+|200|100',b'0|300.0'
2019-05-14T16:54:55.026149,1557870895.0,192.168.61.76,54792,b'+|200|100',b'0|300.0'
2019-05-14T16:54:55.024618,1557870895.0,192.168.60.219,53292,b'+|200|100',b'0|300.0'
2019-05-14T16:54:55.028018,1557870895.0,192.168.61.76,54656,b'+|200|100',b'0|300.0'
2019-05-14T16:54:55.032204,1557870895.0,192.168.61.76,54784,b'+|200|100',b'0|300.0'
2019-05-14T16:54:55.031557,1557870895.0,192.168.61.76,54806,b'+|200|100',b'0|300.0'
2019-05-14T16:54:55.037272,1557870895.0,192.168.61.76,54804,b'+|200|100',b'0|300.0'
2019-05-14T16:54:55.036829,1557870895.0,192.168.61.76,54646,b'+|200|100',b'0|300.0'
2019-05-14T16:54:55.041227,1557870895.0,192.168.61.76,54654,b'+|200|100',b'0|300.0'
2019-05-14T16:54:55.039014,1557870895.0,192.168.61.76,54782,b'+|200|100',b'0|300.0'
2019-05-14T16:54:55.226732,1557870895.0,192.168.60.219,53090,b'+|200|100',b'0|300.0'
2019-05-14T16:54:55.231370,1557870895.0,192.168.60.219,53205,b'+|200|100',b'0|300.0'
2019-05-14T16:54:55.405723,1557870895.0,192.168.61.76,53980,b'+|200|100',b'0|300.0'
2019-05-14T16:54:55.403726,1557870895.0,192.168.61.76,54020,b'+|200|100',b'0|300.0'
2019-05-14T16:54:55.407754,1557870895.0,192.168.61.76,53956,b'+|200|100',b'0|300.0'
2019-05-14T16:54:55.409846,1557870895.0,192.168.61.76,54022,b'+|200|100',b'0|300.0'
2019-05-14T16:54:55.411965,1557870895.0,192.168.61.76,53938,b'+|200|100',b'0|300.0'
2019-05-14T16:54:55.414481,1557870895.0,192.168.61.76,53978,b'+|200|100',b'0|300.0'
2019-05-14T16:54:55.416694,1557870895.0,192.168.61.76,54078,b'+|200|100',b'0|300.0'
2019-05-14T16:54:55.463424,1557870895.0,192.168.61.76,55236,b'+|200|100',b'0|300.0'
2019-05-14T16:54:55.422073,1557870895.0,192.168.61.76,53914,b'+|200|100',b'0|300.0'
2019-05-14T16:54:55.419277,1557870895.0,192.168.61.76,54040,b'+|200|100',b'0|300.0'
2019-05-14T16:54:55.470168,1557870895.0,192.168.61.76,55428,b'+|200|100',b'0|300.0'
2019-05-14T16:54:55.428430,1557870895.0,192.168.61.76,54216,b'+|200|100',b'0|300.0'
2019-05-14T16:54:55.424175,1557870895.0,192.168.61.76,53898,b'+|200|100',b'0|300.0'
2019-05-14T16:54:55.428956,1557870895.0,192.168.61.76,53936,b'+|200|100',b'0|300.0'
2019-05-14T16:54:55.433694,1557870895.0,192.168.61.76,54158,b'+|200|100',b'0|300.0'
2019-05-14T16:54:55.431086,1557870895.0,192.168.61.76,54202,b'+|200|100',b'0|300.0'
2019-05-14T16:54:55.437506,1557870895.0,192.168.61.76,54182,b'+|200|100',b'0|300.0'
2019-05-14T16:54:55.441346,1557870895.0,192.168.61.76,54184,b'+|200|100',b'0|300.0'
2019-05-14T16:54:55.438999,1557870895.0,192.168.61.76,54218,b'+|200|100',b'0|300.0'
2019-05-14T16:54:55.443585,1557870895.0,192.168.61.76,54214,b'+|200|100',b'0|300.0'
2019-05-14T16:54:55.445768,1557870895.0,192.168.61.76,54192,b'+|200|100',b'0|300.0'
2019-05-14T16:54:55.448024,1557870895.0,192.168.61.76,54204,b'+|200|100',b'0|300.0'
2019-05-14T16:54:55.457844,1557870895.0,192.168.61.76,55440,b'+|200|100',b'0|300.0'
2019-05-14T16:54:55.457012,1557870895.0,192.168.61.76,54598,b'+|200|100',b'0|300.0'
2019-05-14T16:54:55.459846,1557870895.0,192.168.61.76,55436,b'+|200|100',b'0|300.0'
2019-05-14T16:54:55.464774,1557870895.0,192.168.61.76,55010,b'+|200|100',b'0|300.0'
2019-05-14T16:54:55.469464,1557870895.0,192.168.61.76,55430,b'+|200|100',b'0|300.0'
2019-05-14T16:54:55.477126,1557870895.0,192.168.61.76,55214,b'+|200|100',b'0|300.0'
2019-05-14T16:54:55.475017,1557870895.0,192.168.61.76,55210,b'+|200|100',b'0|300.0'
2019-05-14T16:54:55.477413,1557870895.0,192.168.61.76,55012,b'+|200|100',b'0|300.0'
2019-05-14T16:54:55.480001,1557870895.0,192.168.61.76,54662,b'+|200|100',b'0|300.0'
2019-05-14T16:54:55.536914,1557870895.0,192.168.60.219,52505,b'+|200|100',b'0|300.0'
2019-05-14T16:54:55.482535,1557870895.0,192.168.61.76,54604,b'+|200|100',b'0|300.0'
2019-05-14T16:54:55.576987,1557870895.0,192.168.60.219,52761,b'+|200|100',b'0|300.0'
2019-05-14T16:54:55.521262,1557870895.0,192.168.60.219,52371,b'+|200|100',b'0|300.0'
2019-05-14T16:54:55.548631,1557870895.0,192.168.60.219,52566,b'+|200|100',b'0|300.0'
2019-05-14T16:54:55.523931,1557870895.0,192.168.60.219,52362,b'+|200|100',b'0|300.0'
2019-05-14T16:54:55.583603,1557870895.0,192.168.61.76,53968,b'+|200|100',b'0|300.0'
2019-05-14T16:54:55.526858,1557870895.0,192.168.60.219,52357,b'+|200|100',b'0|300.0'
2019-05-14T16:54:55.539604,1557870895.0,192.168.60.219,52488,b'+|200|100',b'0|300.0'
2019-05-14T16:54:55.545247,1557870895.0,192.168.60.219,52456,b'+|200|100',b'0|300.0'
2019-05-14T16:54:55.547447,1557870895.0,192.168.60.219,52478,b'+|200|100',b'0|300.0'
2019-05-14T16:54:55.552257,1557870895.0,192.168.60.219,52641,b'+|200|100',b'0|300.0'
2019-05-14T16:54:55.555219,1557870895.0,192.168.60.219,52593,b'+|200|100',b'0|300.0'
2019-05-14T16:54:55.557884,1557870895.0,192.168.60.219,52441,b'+|200|100',b'0|300.0'
2019-05-14T16:54:55.600231,1557870895.0,192.168.60.219,52847,b'+|200|100',b'0|300.0'
2019-05-14T16:54:55.585638,1557870895.0,192.168.61.76,54006,b'+|200|100',b'0|300.0'
2019-05-14T16:54:55.608649,1557870895.0,192.168.61.76,54506,b'+|200|100',b'0|300.0'
2019-05-14T16:54:55.560397,1557870895.0,192.168.60.219,52579,b'+|200|100',b'0|300.0'
2019-05-14T16:54:55.566446,1557870895.0,192.168.60.219,52436,b'+|200|100',b'0|300.0'
2019-05-14T16:54:55.564589,1557870895.0,192.168.60.219,52622,b'+|200|100',b'0|300.0'
2019-05-14T16:54:55.568296,1557870895.0,192.168.60.219,52601,b'+|200|100',b'0|300.0'
2019-05-14T16:54:55.570909,1557870895.0,192.168.60.219,52635,b'+|200|100',b'0|300.0'
2019-05-14T16:54:55.575896,1557870895.0,192.168.61.76,54080,b'+|200|100',b'0|300.0'
2019-05-14T16:54:55.578716,1557870895.0,192.168.61.76,54066,b'+|200|100',b'0|300.0'
2019-05-14T16:54:55.587618,1557870895.0,192.168.61.76,53812,b'+|200|100',b'0|300.0'
2019-05-14T16:54:55.630609,1557870895.0,192.168.61.76,55558,b'+|200|100',b'0|300.0'
2019-05-14T16:54:55.601071,1557870895.0,192.168.61.76,54592,b'+|200|100',b'0|300.0'
2019-05-14T16:54:55.592842,1557870895.0,192.168.60.219,52775,b'+|200|100',b'0|300.0'
2019-05-14T16:54:55.644924,1557870895.0,192.168.61.76,55498,b'+|200|100',b'0|300.0'
2019-05-14T16:54:55.645061,1557870895.0,192.168.61.76,55484,b'+|200|100',b'0|300.0'
2019-05-14T16:54:55.593057,1557870895.0,192.168.60.219,52768,b'+|200|100',b'0|300.0'
2019-05-14T16:54:55.636689,1557870895.0,192.168.61.76,55406,b'+|200|100',b'0|300.0'
2019-05-14T16:54:55.595876,1557870895.0,192.168.60.219,52745,b'+|200|100',b'0|300.0'
2019-05-14T16:54:55.604269,1557870895.0,192.168.61.76,54582,b'+|200|100',b'0|300.0'
2019-05-14T16:54:55.609536,1557870895.0,192.168.61.76,54594,b'+|200|100',b'0|300.0'
2019-05-14T16:54:55.612201,1557870895.0,192.168.61.76,54552,b'+|200|100',b'0|300.0'
2019-05-14T16:54:55.616678,1557870895.0,192.168.61.76,54392,b'+|200|100',b'0|300.0'
2019-05-14T16:54:55.620793,1557870895.0,192.168.60.219,53165,b'+|200|100',b'0|300.0'
2019-05-14T16:54:55.622733,1557870895.0,192.168.60.219,53030,b'+|200|100',b'0|300.0'
2019-05-14T16:54:55.627932,1557870895.0,192.168.60.219,53174,b'+|200|100',b'0|300.0'
2019-05-14T16:54:55.628602,1557870895.0,192.168.60.219,53116,b'+|200|100',b'0|300.0'
2019-05-14T16:54:55.633622,1557870895.0,192.168.61.76,55536,b'+|200|100',b'0|300.0'
2019-05-14T16:54:55.639370,1557870895.0,192.168.61.76,55556,b'+|200|100',b'0|300.0'
2019-05-14T16:54:55.648260,1557870895.0,192.168.61.76,55570,b'+|200|100',b'0|300.0'
2019-05-14T16:54:55.651229,1557870895.0,192.168.61.76,54706,b'+|200|100',b'0|300.0'
2019-05-14T16:54:55.763633,1557870895.0,192.168.61.76,54026,b'+|200|100',b'0|300.0'
2019-05-14T16:54:55.772714,1557870895.0,192.168.61.76,53950,b'+|200|100',b'0|300.0'
2019-05-14T16:54:55.776097,1557870895.0,192.168.61.76,53842,b'+|200|100',b'0|300.0'
2019-05-14T16:54:55.778992,1557870895.0,192.168.61.76,54050,b'+|200|100',b'0|300.0'
2019-05-14T16:54:55.781785,1557870895.0,192.168.61.76,54046,b'+|200|100',b'0|300.0'
2019-05-14T16:54:55.785180,1557870895.0,192.168.61.76,53970,b'+|200|100',b'0|300.0'
2019-05-14T16:54:55.788423,1557870895.0,192.168.61.76,54016,b'+|200|100',b'0|300.0'
2019-05-14T16:54:55.807571,1557870895.0,192.168.61.76,53714,b'+|200|100',b'0|300.0'
2019-05-14T16:54:55.791746,1557870895.0,192.168.61.76,54036,b'+|200|100',b'0|300.0'
2019-05-14T16:54:55.820017,1557870895.0,192.168.61.76,54234,b'+|200|100',b'0|300.0'
2019-05-14T16:54:55.839724,1557870895.0,192.168.61.76,55354,b'+|200|100',b'0|300.0'
2019-05-14T16:54:55.797954,1557870895.0,192.168.61.76,53922,b'+|200|100',b'0|300.0'
2019-05-14T16:54:55.795159,1557870895.0,192.168.61.76,53860,b'+|200|100',b'0|300.0'
2019-05-14T16:54:55.801037,1557870895.0,192.168.61.76,54070,b'+|200|100',b'0|300.0'
2019-05-14T16:54:55.804588,1557870895.0,192.168.61.76,54068,b'+|200|100',b'0|300.0'
2019-05-14T16:54:55.813685,1557870895.0,192.168.61.76,54502,b'+|200|100',b'0|300.0'
2019-05-14T16:54:55.810875,1557870895.0,192.168.61.76,54248,b'+|200|100',b'0|300.0'
2019-05-14T16:54:55.816903,1557870895.0,192.168.61.76,54288,b'+|200|100',b'0|300.0'
2019-05-14T16:54:55.823605,1557870895.0,192.168.61.76,54466,b'+|200|100',b'0|300.0'
2019-05-14T16:54:55.830088,1557870895.0,192.168.61.76,55294,b'+|200|100',b'0|300.0'
2019-05-14T16:54:55.826745,1557870895.0,192.168.61.76,54294,b'+|200|100',b'0|300.0'
2019-05-14T16:54:55.833043,1557870895.0,192.168.61.76,55474,b'+|200|100',b'0|300.0'
2019-05-14T16:54:55.836594,1557870895.0,192.168.61.76,55392,b'+|200|100',b'0|300.0'
2019-05-14T16:54:55.845822,1557870895.0,192.168.61.76,55292,b'+|200|100',b'0|300.0'
2019-05-14T16:54:55.842814,1557870895.0,192.168.61.76,55366,b'+|200|100',b'0|300.0'
2019-05-14T16:54:55.849035,1557870895.0,192.168.61.76,55496,b'+|200|100',b'0|300.0'
2019-05-14T16:54:55.852280,1557870895.0,192.168.61.76,55480,b'+|200|100',b'0|300.0'
2019-05-14T16:54:55.855561,1557870895.0,192.168.61.76,54840,b'+|200|100',b'0|300.0'
2019-05-14T16:54:55.861896,1557870895.0,192.168.61.76,54690,b'+|200|100',b'0|300.0'
2019-05-14T16:54:55.860777,1557870895.0,192.168.61.76,55362,b'+|200|100',b'0|300.0'
2019-05-14T16:54:55.987327,1557870895.0,192.168.61.76,54082,b'+|200|100',b'0|300.0'
2019-05-14T16:54:55.977583,1557870895.0,192.168.61.76,54044,b'+|200|100',b'0|300.0'
2019-05-14T16:54:55.980901,1557870895.0,192.168.61.76,53944,b'+|200|100',b'0|300.0'
2019-05-14T16:54:55.990671,1557870895.0,192.168.61.76,54032,b'+|200|100',b'0|300.0'
2019-05-14T16:54:55.984117,1557870895.0,192.168.61.76,54060,b'+|200|100',b'0|300.0'
2019-05-14T16:54:55.994485,1557870895.0,192.168.61.76,53960,b'+|200|100',b'0|300.0'
2019-05-14T16:54:55.997635,1557870895.0,192.168.61.76,54062,b'+|200|100',b'0|300.0'
2019-05-14T16:54:56.022249,1557870896.0,192.168.61.76,54490,b'+|200|100',b'0|300.0'
2019-05-14T16:54:56.000854,1557870896.0,192.168.61.76,53952,b'+|200|100',b'0|300.0'
2019-05-14T16:54:56.004996,1557870896.0,192.168.61.76,53988,b'+|200|100',b'0|300.0'
2019-05-14T16:54:56.008789,1557870896.0,192.168.61.76,53926,b'+|200|100',b'0|300.0'
2019-05-14T16:54:56.011968,1557870896.0,192.168.61.76,54014,b'+|200|100',b'0|300.0'
2019-05-14T16:54:56.015365,1557870896.0,192.168.61.76,53796,b'+|200|100',b'0|300.0'
2019-05-14T16:54:56.046911,1557870896.0,192.168.61.76,55478,b'+|200|100',b'0|300.0'
2019-05-14T16:54:56.018654,1557870896.0,192.168.61.76,54536,b'+|200|100',b'0|300.0'
2019-05-14T16:54:56.025736,1557870896.0,192.168.61.76,54484,b'+|200|100',b'0|300.0'
2019-05-14T16:54:56.029704,1557870896.0,192.168.61.76,54508,b'+|200|100',b'0|300.0'
2019-05-14T16:54:56.033188,1557870896.0,192.168.61.76,54572,b'+|200|100',b'0|300.0'
2019-05-14T16:54:56.036743,1557870896.0,192.168.61.76,54250,b'+|200|100',b'0|300.0'
2019-05-14T16:54:56.065062,1557870896.0,192.168.61.76,55524,b'+|200|100',b'0|300.0'
2019-05-14T16:54:56.040154,1557870896.0,192.168.61.76,55576,b'+|200|100',b'0|300.0'
2019-05-14T16:54:56.043546,1557870896.0,192.168.61.76,55500,b'+|200|100',b'0|300.0'
2019-05-14T16:54:56.050700,1557870896.0,192.168.61.76,55538,b'+|200|100',b'0|300.0'
2019-05-14T16:54:56.054686,1557870896.0,192.168.61.76,55488,b'+|200|100',b'0|300.0'
2019-05-14T16:54:56.058132,1557870896.0,192.168.61.76,55482,b'+|200|100',b'0|300.0'
2019-05-14T16:54:56.061580,1557870896.0,192.168.61.76,55540,b'+|200|100',b'0|300.0'
2019-05-14T16:54:56.069223,1557870896.0,192.168.61.76,55414,b'+|200|100',b'0|300.0'
2019-05-14T16:54:56.072808,1557870896.0,192.168.61.76,55132,b'+|200|100',b'0|300.0'
2019-05-14T16:54:56.257369,1557870896.0,192.168.61.76,53934,b'+|200|100',b'0|300.0'
2019-05-14T16:54:56.235382,1557870896.0,192.168.61.76,53998,b'+|200|100',b'0|300.0'
2019-05-14T16:54:56.242248,1557870896.0,192.168.61.76,53894,b'+|200|100',b'0|300.0'
2019-05-14T16:54:56.238865,1557870896.0,192.168.61.76,53874,b'+|200|100',b'0|300.0'
2019-05-14T16:54:56.245728,1557870896.0,192.168.61.76,53958,b'+|200|100',b'0|300.0'
2019-05-14T16:54:56.249381,1557870896.0,192.168.61.76,53916,b'+|200|100',b'0|300.0'
2019-05-14T16:54:56.299654,1557870896.0,192.168.61.76,55434,b'+|200|100',b'0|300.0'
2019-05-14T16:54:56.253944,1557870896.0,192.168.61.76,53918,b'+|200|100',b'0|300.0'
2019-05-14T16:54:56.260886,1557870896.0,192.168.61.76,54000,b'+|200|100',b'0|300.0'
2019-05-14T16:54:56.264830,1557870896.0,192.168.61.76,54130,b'+|200|100',b'0|300.0'
2019-05-14T16:54:56.291998,1557870896.0,192.168.61.76,54118,b'+|200|100',b'0|300.0'
2019-05-14T16:54:56.269374,1557870896.0,192.168.61.76,54156,b'+|200|100',b'0|300.0'
2019-05-14T16:54:56.273063,1557870896.0,192.168.61.76,54112,b'+|200|100',b'0|300.0'
2019-05-14T16:54:56.276730,1557870896.0,192.168.61.76,54124,b'+|200|100',b'0|300.0'
2019-05-14T16:54:56.280270,1557870896.0,192.168.61.76,54136,b'+|200|100',b'0|300.0'
2019-05-14T16:54:56.284601,1557870896.0,192.168.61.76,54154,b'+|200|100',b'0|300.0'
2019-05-14T16:54:56.288306,1557870896.0,192.168.61.76,54140,b'+|200|100',b'0|300.0'
2019-05-14T16:54:56.295839,1557870896.0,192.168.61.76,54146,b'+|200|100',b'0|300.0'
2019-05-14T16:54:56.303791,1557870896.0,192.168.61.76,54800,b'+|200|100',b'0|300.0'
2019-05-14T16:54:56.307571,1557870896.0,192.168.61.76,55444,b'+|200|100',b'0|300.0'
2019-05-14T16:54:56.311775,1557870896.0,192.168.61.76,54602,b'+|200|100',b'0|300.0'
2019-05-14T16:54:56.315539,1557870896.0,192.168.61.76,54600,b'+|200|100',b'0|300.0'
2019-05-14T16:54:56.319295,1557870896.0,192.168.61.76,54988,b'+|200|100',b'0|300.0'
2019-05-14T16:54:56.323140,1557870896.0,192.168.61.76,54810,b'+|200|100',b'0|300.0'
2019-05-14T16:54:56.327087,1557870896.0,192.168.61.76,55442,b'+|200|100',b'0|300.0'
2019-05-14T16:54:56.330979,1557870896.0,192.168.61.76,54644,b'+|200|100',b'0|300.0'
2019-05-14T16:54:56.429592,1557870896.0,192.168.61.76,53844,b'+|200|100',b'0|300.0'
2019-05-14T16:54:56.387354,1557870896.0,192.168.61.76,53608,b'+|200|100',b'0|300.0'
2019-05-14T16:54:56.392423,1557870896.0,192.168.61.76,53664,b'+|200|100',b'0|300.0'
2019-05-14T16:54:56.397665,1557870896.0,192.168.61.76,53680,b'+|200|100',b'0|300.0'
2019-05-14T16:54:56.441951,1557870896.0,192.168.61.76,54262,b'+|200|100',b'0|300.0'
2019-05-14T16:54:56.403083,1557870896.0,192.168.61.76,53648,b'+|200|100',b'0|300.0'
2019-05-14T16:54:56.408117,1557870896.0,192.168.61.76,53620,b'+|200|100',b'0|300.0'
2019-05-14T16:54:56.413134,1557870896.0,192.168.61.76,53858,b'+|200|100',b'0|300.0'
2019-05-14T16:54:56.417539,1557870896.0,192.168.61.76,53640,b'+|200|100',b'0|300.0'
2019-05-14T16:54:56.467146,1557870896.0,192.168.61.76,54630,b'+|200|100',b'0|300.0'
2019-05-14T16:54:56.421629,1557870896.0,192.168.61.76,53630,b'+|200|100',b'0|300.0'
2019-05-14T16:54:56.425619,1557870896.0,192.168.61.76,53694,b'+|200|100',b'0|300.0'
2019-05-14T16:54:56.433649,1557870896.0,192.168.61.76,53624,b'+|200|100',b'0|300.0'
2019-05-14T16:54:56.438065,1557870896.0,192.168.61.76,53948,b'+|200|100',b'0|300.0'
2019-05-14T16:54:56.446657,1557870896.0,192.168.61.76,54376,b'+|200|100',b'0|300.0'
2019-05-14T16:54:56.492638,1557870896.0,192.168.61.76,54672,b'+|200|100',b'0|300.0'
2019-05-14T16:54:56.450789,1557870896.0,192.168.61.76,54268,b'+|200|100',b'0|300.0'
2019-05-14T16:54:56.455003,1557870896.0,192.168.61.76,54366,b'+|200|100',b'0|300.0'
2019-05-14T16:54:56.459053,1557870896.0,192.168.61.76,54460,b'+|200|100',b'0|300.0'
2019-05-14T16:54:56.463088,1557870896.0,192.168.61.76,54576,b'+|200|100',b'0|300.0'
2019-05-14T16:54:56.471678,1557870896.0,192.168.61.76,54714,b'+|200|100',b'0|300.0'
2019-05-14T16:54:56.475709,1557870896.0,192.168.61.76,55308,b'+|200|100',b'0|300.0'
2019-05-14T16:54:56.479982,1557870896.0,192.168.61.76,55562,b'+|200|100',b'0|300.0'
2019-05-14T16:54:56.484153,1557870896.0,192.168.61.76,54634,b'+|200|100',b'0|300.0'
2019-05-14T16:54:56.488419,1557870896.0,192.168.61.76,54682,b'+|200|100',b'0|300.0'
2019-05-14T16:54:56.593505,1557870896.0,192.168.61.76,53696,b'+|200|100',b'0|300.0'
2019-05-14T16:54:56.597842,1557870896.0,192.168.61.76,54042,b'+|200|100',b'0|300.0'
2019-05-14T16:54:56.610278,1557870896.0,192.168.61.76,54232,b'+|200|100',b'0|300.0'
2019-05-14T16:54:56.774527,1557870896.0,192.168.60.219,52466,b'+|200|100',b'0|300.0'
2019-05-14T16:54:56.761743,1557870896.0,192.168.60.219,52494,b'+|200|100',b'0|300.0'
2019-05-14T16:54:56.765894,1557870896.0,192.168.60.219,52608,b'+|200|100',b'0|300.0'
2019-05-14T16:54:56.770139,1557870896.0,192.168.60.219,52499,b'+|200|100',b'0|300.0'
2019-05-14T16:54:56.778833,1557870896.0,192.168.60.219,52461,b'+|200|100',b'0|300.0'
2019-05-14T16:54:56.783486,1557870896.0,192.168.60.219,52510,b'+|200|100',b'0|300.0'
2019-05-14T16:54:56.788815,1557870896.0,192.168.60.219,52616,b'+|200|100',b'0|300.0'
2019-05-14T16:54:56.813252,1557870896.0,192.168.60.219,52731,b'+|200|100',b'0|300.0'
2019-05-14T16:54:56.817909,1557870896.0,192.168.60.219,52754,b'+|200|100',b'0|300.0'
2019-05-14T16:54:56.822431,1557870896.0,192.168.60.219,52710,b'+|200|100',b'0|300.0'
2019-05-14T16:54:56.826885,1557870896.0,192.168.60.219,53108,b'+|200|100',b'0|300.0'
2019-05-14T16:54:57.221313,1557870897.0,192.168.61.76,54008,b'+|200|100',b'0|300.0'
2019-05-14T16:54:57.225468,1557870897.0,192.168.61.76,53928,b'+|200|100',b'0|300.0'
2019-05-14T16:54:57.229795,1557870897.0,192.168.61.76,53994,b'+|200|100',b'0|300.0'
2019-05-14T16:54:57.267736,1557870897.0,192.168.61.76,53984,b'+|200|100',b'0|300.0'
2019-05-14T16:54:57.234307,1557870897.0,192.168.61.76,54030,b'+|200|100',b'0|300.0'
2019-05-14T16:54:57.239269,1557870897.0,192.168.61.76,53884,b'+|200|100',b'0|300.0'
2019-05-14T16:54:57.244056,1557870897.0,192.168.61.76,53760,b'+|200|100',b'0|300.0'
2019-05-14T16:54:57.263289,1557870897.0,192.168.61.76,53902,b'+|200|100',b'0|300.0'
2019-05-14T16:54:57.287833,1557870897.0,192.168.61.76,54550,b'+|200|100',b'0|300.0'
2019-05-14T16:54:57.272685,1557870897.0,192.168.61.76,54574,b'+|200|100',b'0|300.0'
2019-05-14T16:54:57.248892,1557870897.0,192.168.61.76,54028,b'+|200|100',b'0|300.0'
2019-05-14T16:54:57.253889,1557870897.0,192.168.61.76,53720,b'+|200|100',b'0|300.0'
2019-05-14T16:54:57.258438,1557870897.0,192.168.61.76,53940,b'+|200|100',b'0|300.0'
2019-05-14T16:54:57.277200,1557870897.0,192.168.61.76,54588,b'+|200|100',b'0|300.0'
2019-05-14T16:54:57.282388,1557870897.0,192.168.61.76,54464,b'+|200|100',b'0|300.0'
2019-05-14T16:54:57.292241,1557870897.0,192.168.61.76,54586,b'+|200|100',b'0|300.0'
2019-05-14T16:54:57.296863,1557870897.0,192.168.61.76,54368,b'+|200|100',b'0|300.0'
2019-05-14T16:54:57.301529,1557870897.0,192.168.61.76,54580,b'+|200|100',b'0|300.0'
2019-05-14T16:54:57.306160,1557870897.0,192.168.61.76,55486,b'+|200|100',b'0|300.0'
2019-05-14T16:54:57.310888,1557870897.0,192.168.61.76,55550,b'+|200|100',b'0|300.0'
2019-05-14T16:54:57.316226,1557870897.0,192.168.61.76,55470,b'+|200|100',b'0|300.0'
2019-05-14T16:54:57.321164,1557870897.0,192.168.61.76,55560,b'+|200|100',b'0|300.0'
2019-05-14T16:54:57.325784,1557870897.0,192.168.61.76,55450,b'+|200|100',b'0|300.0'
2019-05-14T16:54:57.330480,1557870897.0,192.168.61.76,55452,b'+|200|100',b'0|300.0'
2019-05-14T16:54:57.335321,1557870897.0,192.168.61.76,55502,b'+|200|100',b'0|300.0'
2019-05-14T16:54:57.662430,1557870897.0,192.168.60.219,52359,b'+|200|100',b'0|300.0'
2019-05-14T16:54:57.625536,1557870897.0,192.168.60.219,52351,b'+|200|100',b'0|300.0'
2019-05-14T16:54:57.630615,1557870897.0,192.168.60.219,52376,b'+|200|100',b'0|300.0'
2019-05-14T16:54:57.635700,1557870897.0,192.168.60.219,52355,b'+|200|100',b'0|300.0'
2019-05-14T16:54:57.640651,1557870897.0,192.168.60.219,52403,b'+|200|100',b'0|300.0'
2019-05-14T16:54:57.646088,1557870897.0,192.168.60.219,52343,b'+|200|100',b'0|300.0'
2019-05-14T16:54:57.667374,1557870897.0,192.168.60.219,52368,b'+|200|100',b'0|300.0'
2019-05-14T16:54:57.690014,1557870897.0,192.168.60.219,52570,b'+|200|100',b'0|300.0'
2019-05-14T16:54:57.651653,1557870897.0,192.168.60.219,52354,b'+|200|100',b'0|300.0'
2019-05-14T16:54:57.679385,1557870897.0,192.168.60.219,52414,b'+|200|100',b'0|300.0'
2019-05-14T16:54:57.706236,1557870897.0,192.168.60.219,52699,b'+|200|100',b'0|300.0'
2019-05-14T16:54:57.656894,1557870897.0,192.168.60.219,52365,b'+|200|100',b'0|300.0'
2019-05-14T16:54:57.673487,1557870897.0,192.168.60.219,52341,b'+|200|100',b'0|300.0'
2019-05-14T16:54:57.684561,1557870897.0,192.168.60.219,52407,b'+|200|100',b'0|300.0'
2019-05-14T16:54:57.695244,1557870897.0,192.168.60.219,52588,b'+|200|100',b'0|300.0'
2019-05-14T16:54:57.700295,1557870897.0,192.168.60.219,52763,b'+|200|100',b'0|300.0'
2019-05-14T16:54:57.711299,1557870897.0,192.168.60.219,52848,b'+|200|100',b'0|300.0'
2019-05-14T16:54:57.716494,1557870897.0,192.168.60.219,52834,b'+|200|100',b'0|300.0'
2019-05-14T16:54:57.721852,1557870897.0,192.168.60.219,52921,b'+|200|100',b'0|300.0'
2019-05-14T16:54:57.768673,1557870897.0,192.168.60.219,53254,b'+|200|100',b'0|300.0'
2019-05-14T16:54:57.726909,1557870897.0,192.168.60.219,52977,b'+|200|100',b'0|300.0'
2019-05-14T16:54:57.731964,1557870897.0,192.168.60.219,52990,b'+|200|100',b'0|300.0'
2019-05-14T16:54:57.737039,1557870897.0,192.168.60.219,52985,b'+|200|100',b'0|300.0'
2019-05-14T16:54:57.742157,1557870897.0,192.168.60.219,53092,b'+|200|100',b'0|300.0'
2019-05-14T16:54:57.748027,1557870897.0,192.168.60.219,53190,b'+|200|100',b'0|300.0'
2019-05-14T16:54:57.753333,1557870897.0,192.168.60.219,53100,b'+|200|100',b'0|300.0'
2019-05-14T16:54:57.758308,1557870897.0,192.168.60.219,53306,b'+|200|100',b'0|300.0'
2019-05-14T16:54:57.763469,1557870897.0,192.168.60.219,53268,b'+|200|100',b'0|300.0'
2019-05-14T16:54:57.953351,1557870897.0,192.168.61.76,54522,b'+|200|100',b'0|300.0'
2019-05-14T16:54:57.963686,1557870897.0,192.168.61.76,54188,b'+|200|100',b'0|300.0'
2019-05-14T16:54:57.958452,1557870897.0,192.168.61.76,54198,b'+|200|100',b'0|300.0'
2019-05-14T16:54:57.948160,1557870897.0,192.168.61.76,54194,b'+|200|100',b'0|300.0'
2019-05-14T16:54:57.969013,1557870897.0,192.168.61.76,54128,b'+|200|100',b'0|300.0'
2019-05-14T16:54:57.974898,1557870897.0,192.168.61.76,54168,b'+|200|100',b'0|300.0'
2019-05-14T16:54:58.002062,1557870898.0,192.168.61.76,54200,b'+|200|100',b'0|300.0'
2019-05-14T16:54:57.980085,1557870897.0,192.168.61.76,54170,b'+|200|100',b'0|300.0'
2019-05-14T16:54:57.985547,1557870897.0,192.168.61.76,54148,b'+|200|100',b'0|300.0'
2019-05-14T16:54:57.991021,1557870897.0,192.168.61.76,54122,b'+|200|100',b'0|300.0'
2019-05-14T16:54:57.996225,1557870897.0,192.168.61.76,54212,b'+|200|100',b'0|300.0'
2019-05-14T16:54:58.007481,1557870898.0,192.168.61.76,55230,b'+|200|100',b'0|300.0'
2019-05-14T16:54:58.012838,1557870898.0,192.168.61.76,55000,b'+|200|100',b'0|300.0'
2019-05-14T16:54:58.696668,1557870898.0,192.168.60.219,52562,b'+|200|100',b'0|300.0'
2019-05-14T16:54:58.663645,1557870898.0,192.168.60.219,52655,b'+|200|100',b'0|300.0'
2019-05-14T16:54:58.668684,1557870898.0,192.168.60.219,52604,b'+|200|100',b'0|300.0'
2019-05-14T16:54:58.673901,1557870898.0,192.168.60.219,52560,b'+|200|100',b'0|300.0'
2019-05-14T16:54:58.680058,1557870898.0,192.168.60.219,52733,b'+|200|100',b'0|300.0'
2019-05-14T16:54:58.685463,1557870898.0,192.168.60.219,52619,b'+|200|100',b'0|300.0'
2019-05-14T16:54:58.691458,1557870898.0,192.168.60.219,52567,b'+|200|100',b'0|300.0'
2019-05-14T16:54:58.702408,1557870898.0,192.168.60.219,52606,b'+|200|100',b'0|300.0'
2019-05-14T16:54:58.707852,1557870898.0,192.168.60.219,52596,b'+|200|100',b'0|300.0'
2019-05-14T16:54:58.909344,1557870898.0,192.168.61.76,53882,b'+|200|100',b'0|300.0'
2019-05-14T16:54:58.938345,1557870898.0,192.168.61.76,53864,b'+|200|100',b'0|300.0'
2019-05-14T16:54:58.944227,1557870898.0,192.168.61.76,53626,b'+|200|100',b'0|300.0'
2019-05-14T16:54:58.961240,1557870898.0,192.168.61.76,53682,b'+|200|100',b'0|300.0'
2019-05-14T16:54:58.915243,1557870898.0,192.168.61.76,53924,b'+|200|100',b'0|300.0'
2019-05-14T16:54:58.920745,1557870898.0,192.168.61.76,53798,b'+|200|100',b'0|300.0'
2019-05-14T16:54:58.926687,1557870898.0,192.168.61.76,53612,b'+|200|100',b'0|300.0'
2019-05-14T16:54:58.983898,1557870898.0,192.168.61.76,54946,b'+|200|100',b'0|300.0'
2019-05-14T16:54:58.932184,1557870898.0,192.168.61.76,53632,b'+|200|100',b'0|300.0'
2019-05-14T16:54:58.949668,1557870898.0,192.168.61.76,53706,b'+|200|100',b'0|300.0'
2019-05-14T16:54:59.007445,1557870899.0,192.168.61.76,55028,b'+|200|100',b'0|300.0'
2019-05-14T16:54:58.955789,1557870898.0,192.168.61.76,53820,b'+|200|100',b'0|300.0'
2019-05-14T16:54:58.989751,1557870898.0,192.168.61.76,55134,b'+|200|100',b'0|300.0'
2019-05-14T16:54:58.967369,1557870898.0,192.168.61.76,53606,b'+|200|100',b'0|300.0'
2019-05-14T16:54:58.973008,1557870898.0,192.168.61.76,54314,b'+|200|100',b'0|300.0'
2019-05-14T16:54:58.978600,1557870898.0,192.168.61.76,54264,b'+|200|100',b'0|300.0'
2019-05-14T16:54:58.995499,1557870898.0,192.168.61.76,54608,b'+|200|100',b'0|300.0'
2019-05-14T16:54:59.001395,1557870899.0,192.168.61.76,54676,b'+|200|100',b'0|300.0'
2019-05-14T16:55:01.259160,1557870901.0,192.168.61.76,54116,b'+|200|100',b'0|300.0'
2019-05-14T16:55:01.246448,1557870901.0,192.168.61.76,54166,b'+|200|100',b'0|300.0'
2019-05-14T16:55:01.240790,1557870901.0,192.168.61.76,54144,b'+|200|100',b'0|300.0'
2019-05-14T16:55:01.223420,1557870901.0,192.168.61.76,54164,b'+|200|100',b'0|300.0'
2019-05-14T16:55:01.228831,1557870901.0,192.168.61.76,54174,b'+|200|100',b'0|300.0'
2019-05-14T16:55:01.234518,1557870901.0,192.168.61.76,54176,b'+|200|100',b'0|300.0'
2019-05-14T16:55:01.264900,1557870901.0,192.168.61.76,54226,b'+|200|100',b'0|300.0'
2019-05-14T16:55:01.253504,1557870901.0,192.168.61.76,54132,b'+|200|100',b'0|300.0'
2019-05-14T16:55:01.282687,1557870901.0,192.168.61.76,54134,b'+|200|100',b'0|300.0'
2019-05-14T16:55:01.270831,1557870901.0,192.168.61.76,54162,b'+|200|100',b'0|300.0'
2019-05-14T16:55:01.276568,1557870901.0,192.168.61.76,54142,b'+|200|100',b'0|300.0'
2019-05-14T16:55:01.534617,1557870901.0,192.168.61.76,54992,b'+|200|100',b'0|300.0'
2019-05-14T16:55:01.546876,1557870901.0,192.168.61.76,55432,b'+|200|100',b'0|300.0'
2019-05-14T16:55:01.503709,1557870901.0,192.168.61.76,55238,b'+|200|100',b'0|300.0'
2019-05-14T16:55:01.509463,1557870901.0,192.168.61.76,54994,b'+|200|100',b'0|300.0'
2019-05-14T16:55:01.515469,1557870901.0,192.168.61.76,55008,b'+|200|100',b'0|300.0'
2019-05-14T16:55:01.552895,1557870901.0,192.168.61.76,54658,b'+|200|100',b'0|300.0'
2019-05-14T16:55:01.521958,1557870901.0,192.168.61.76,54660,b'+|200|100',b'0|300.0'
2019-05-14T16:55:01.527913,1557870901.0,192.168.61.76,54652,b'+|200|100',b'0|300.0'
2019-05-14T16:55:01.540939,1557870901.0,192.168.61.76,54812,b'+|200|100',b'0|300.0'
2019-05-14T16:55:01.565271,1557870901.0,192.168.61.76,54650,b'+|200|100',b'0|300.0'
2019-05-14T16:55:01.558863,1557870901.0,192.168.61.76,54786,b'+|200|100',b'0|300.0'
2019-05-14T16:55:01.856508,1557870901.0,192.168.61.76,54224,b'+|200|100',b'0|300.0'
2019-05-14T16:55:02.214000,1557870902.0,192.168.60.219,52404,b'+|200|100',b'0|300.0'
2019-05-14T16:55:02.219831,1557870902.0,192.168.60.219,52398,b'+|200|100',b'0|300.0'
2019-05-14T16:55:02.226072,1557870902.0,192.168.60.219,52388,b'+|200|100',b'0|300.0'
2019-05-14T16:55:02.232655,1557870902.0,192.168.60.219,52401,b'+|200|100',b'0|300.0'
2019-05-14T16:55:02.239588,1557870902.0,192.168.60.219,52393,b'+|200|100',b'0|300.0'
2019-05-14T16:55:02.246427,1557870902.0,192.168.60.219,52412,b'+|200|100',b'0|300.0'
2019-05-14T16:55:02.298815,1557870902.0,192.168.60.219,52609,b'+|200|100',b'0|300.0'
2019-05-14T16:55:02.253291,1557870902.0,192.168.60.219,52409,b'+|200|100',b'0|300.0'
2019-05-14T16:55:02.259502,1557870902.0,192.168.60.219,52424,b'+|200|100',b'0|300.0'
2019-05-14T16:55:02.265785,1557870902.0,192.168.60.219,52406,b'+|200|100',b'0|300.0'
2019-05-14T16:55:02.318415,1557870902.0,192.168.60.219,52742,b'+|200|100',b'0|300.0'
2019-05-14T16:55:02.272189,1557870902.0,192.168.60.219,52423,b'+|200|100',b'0|300.0'
2019-05-14T16:55:02.279070,1557870902.0,192.168.60.219,52373,b'+|200|100',b'0|300.0'
2019-05-14T16:55:02.285626,1557870902.0,192.168.60.219,52595,b'+|200|100',b'0|300.0'
2019-05-14T16:55:02.292162,1557870902.0,192.168.60.219,52590,b'+|200|100',b'0|300.0'
2019-05-14T16:55:02.325059,1557870902.0,192.168.60.219,52764,b'+|200|100',b'0|300.0'
2019-05-14T16:55:02.305284,1557870902.0,192.168.60.219,52582,b'+|200|100',b'0|300.0'
2019-05-14T16:55:02.311720,1557870902.0,192.168.60.219,52575,b'+|200|100',b'0|300.0'
2019-05-14T16:55:02.331576,1557870902.0,192.168.60.219,52825,b'+|200|100',b'0|300.0'
2019-05-14T16:55:02.338174,1557870902.0,192.168.60.219,52855,b'+|200|100',b'0|300.0'
2019-05-14T16:55:02.344667,1557870902.0,192.168.60.219,52899,b'+|200|100',b'0|300.0'
2019-05-14T16:55:02.351122,1557870902.0,192.168.60.219,53005,b'+|200|100',b'0|300.0'
2019-05-14T16:55:02.358245,1557870902.0,192.168.60.219,53015,b'+|200|100',b'0|300.0'
2019-05-14T16:55:02.364700,1557870902.0,192.168.60.219,53150,b'+|200|100',b'0|300.0'
2019-05-14T16:55:02.371553,1557870902.0,192.168.60.219,53094,b'+|200|100',b'0|300.0'
2019-05-14T16:55:02.378128,1557870902.0,192.168.60.219,53249,b'+|200|100',b'0|300.0'
2019-05-14T16:55:02.384759,1557870902.0,192.168.60.219,53280,b'+|200|100',b'0|300.0'
2019-05-14T16:55:02.391380,1557870902.0,192.168.60.219,53231,b'+|200|100',b'0|300.0'
2019-05-14T16:55:02.398217,1557870902.0,192.168.60.219,53149,b'+|200|100',b'0|300.0'
2019-05-14T16:55:02.405072,1557870902.0,192.168.60.219,53179,b'+|200|100',b'0|300.0'
2019-05-14T16:55:03.637411,1557870903.0,192.168.60.219,52432,b'+|200|100',b'0|300.0'
2019-05-14T16:55:03.644065,1557870903.0,192.168.60.219,52447,b'+|200|100',b'0|300.0'
2019-05-14T16:55:03.699434,1557870903.0,192.168.60.219,52437,b'+|200|100',b'0|300.0'
2019-05-14T16:55:03.650796,1557870903.0,192.168.60.219,52534,b'+|200|100',b'0|300.0'
2019-05-14T16:55:03.657829,1557870903.0,192.168.60.219,52481,b'+|200|100',b'0|300.0'
2019-05-14T16:55:03.664568,1557870903.0,192.168.60.219,52475,b'+|200|100',b'0|300.0'
2019-05-14T16:55:03.671942,1557870903.0,192.168.60.219,52457,b'+|200|100',b'0|300.0'
2019-05-14T16:55:03.678645,1557870903.0,192.168.60.219,52511,b'+|200|100',b'0|300.0'
2019-05-14T16:55:03.685682,1557870903.0,192.168.60.219,52491,b'+|200|100',b'0|300.0'
2019-05-14T16:55:03.692572,1557870903.0,192.168.60.219,52434,b'+|200|100',b'0|300.0'
2019-05-14T16:55:03.706920,1557870903.0,192.168.60.219,52467,b'+|200|100',b'0|300.0'
2019-05-14T16:55:03.714010,1557870903.0,192.168.60.219,52470,b'+|200|100',b'0|300.0'
2019-05-14T16:55:07.880527,1557870907.0,192.168.61.76,54172,b'+|200|100',b'0|300.0'
2019-05-14T16:55:07.887091,1557870907.0,192.168.61.76,54524,b'+|200|100',b'0|300.0'
2019-05-14T16:55:07.901586,1557870907.0,192.168.61.76,54114,b'+|200|100',b'0|300.0'
2019-05-14T16:55:07.894689,1557870907.0,192.168.61.76,54196,b'+|200|100',b'0|300.0'
2019-05-14T16:55:07.908654,1557870907.0,192.168.61.76,54230,b'+|200|100',b'0|300.0'
2019-05-14T16:55:07.915908,1557870907.0,192.168.61.76,54126,b'+|200|100',b'0|300.0'
2019-05-14T16:55:07.951072,1557870907.0,192.168.61.76,54178,b'+|200|100',b'0|300.0'
2019-05-14T16:55:07.923129,1557870907.0,192.168.61.76,54150,b'+|200|100',b'0|300.0'
2019-05-14T16:55:07.929899,1557870907.0,192.168.61.76,54108,b'+|200|100',b'0|300.0'
2019-05-14T16:55:07.936882,1557870907.0,192.168.61.76,54222,b'+|200|100',b'0|300.0'
2019-05-14T16:55:07.944154,1557870907.0,192.168.61.76,54190,b'+|200|100',b'0|300.0'
2019-05-14T16:55:08.206268,1557870908.0,192.168.61.76,55224,b'+|200|100',b'0|300.0'
2019-05-14T16:55:08.162509,1557870908.0,192.168.61.76,55016,b'+|200|100',b'0|300.0'
2019-05-14T16:55:08.169386,1557870908.0,192.168.61.76,55226,b'+|200|100',b'0|300.0'
2019-05-14T16:55:08.177021,1557870908.0,192.168.61.76,54790,b'+|200|100',b'0|300.0'
2019-05-14T16:55:08.184195,1557870908.0,192.168.61.76,55014,b'+|200|100',b'0|300.0'
2019-05-14T16:55:08.191443,1557870908.0,192.168.61.76,54796,b'+|200|100',b'0|300.0'
2019-05-14T16:55:08.198891,1557870908.0,192.168.61.76,54794,b'+|200|100',b'0|300.0'
2019-05-14T16:55:08.213257,1557870908.0,192.168.61.76,55438,b'+|200|100',b'0|300.0'
2019-05-14T16:55:08.220453,1557870908.0,192.168.61.76,55242,b'+|200|100',b'0|300.0'
2019-05-14T16:55:08.227814,1557870908.0,192.168.61.76,55002,b'+|200|100',b'0|300.0'
2019-05-14T16:55:08.234933,1557870908.0,192.168.61.76,55234,b'+|200|100',b'0|300.0'
2019-05-14T16:55:08.905435,1557870908.0,192.168.61.76,53616,b'+|200|100',b'0|300.0'
2019-05-14T16:55:08.957410,1557870908.0,192.168.61.76,53622,b'+|200|100',b'0|300.0'
2019-05-14T16:55:08.912388,1557870908.0,192.168.61.76,53930,b'+|200|100',b'0|300.0'
2019-05-14T16:55:08.920257,1557870908.0,192.168.61.76,53982,b'+|200|100',b'0|300.0'
2019-05-14T16:55:08.927277,1557870908.0,192.168.61.76,53638,b'+|200|100',b'0|300.0'
2019-05-14T16:55:08.934896,1557870908.0,192.168.61.76,53866,b'+|200|100',b'0|300.0'
2019-05-14T16:55:08.943067,1557870908.0,192.168.61.76,53650,b'+|200|100',b'0|300.0'
2019-05-14T16:55:08.950250,1557870908.0,192.168.61.76,53780,b'+|200|100',b'0|300.0'
2019-05-14T16:55:08.964847,1557870908.0,192.168.61.76,53618,b'+|200|100',b'0|300.0'
2019-05-14T16:55:08.972688,1557870908.0,192.168.61.76,53732,b'+|200|100',b'0|300.0'
2019-05-14T16:55:08.979994,1557870908.0,192.168.61.76,53614,b'+|200|100',b'0|300.0'
2019-05-14T16:55:11.079724,1557870911.0,192.168.60.219,52360,b'+|200|100',b'0|300.0'
2019-05-14T16:55:11.057170,1557870911.0,192.168.60.219,52358,b'+|200|100',b'0|300.0'
2019-05-14T16:55:11.064311,1557870911.0,192.168.60.219,52422,b'+|200|100',b'0|300.0'
2019-05-14T16:55:11.072238,1557870911.0,192.168.60.219,52346,b'+|200|100',b'0|300.0'
2019-05-14T16:55:11.110989,1557870911.0,192.168.60.219,52394,b'+|200|100',b'0|300.0'
2019-05-14T16:55:11.088208,1557870911.0,192.168.60.219,52381,b'+|200|100',b'0|300.0'
2019-05-14T16:55:11.096095,1557870911.0,192.168.60.219,52395,b'+|200|100',b'0|300.0'
2019-05-14T16:55:11.103397,1557870911.0,192.168.60.219,52347,b'+|200|100',b'0|300.0'
2019-05-14T16:55:11.118889,1557870911.0,192.168.60.219,52386,b'+|200|100',b'0|300.0'
2019-05-14T16:55:11.126890,1557870911.0,192.168.60.219,52429,b'+|200|100',b'0|300.0'
2019-05-14T16:55:11.134433,1557870911.0,192.168.60.219,52372,b'+|200|100',b'0|300.0'
2019-05-14T16:55:11.142011,1557870911.0,192.168.60.219,52413,b'+|200|100',b'0|300.0'
2019-05-14T16:55:11.149902,1557870911.0,192.168.60.219,52378,b'+|200|100',b'0|300.0'
2019-05-14T16:55:11.158075,1557870911.0,192.168.60.219,52636,b'+|200|100',b'0|300.0'
2019-05-14T16:55:11.181219,1557870911.0,192.168.60.219,52625,b'+|200|100',b'0|300.0'
2019-05-14T16:55:11.165735,1557870911.0,192.168.60.219,52580,b'+|200|100',b'0|300.0'
2019-05-14T16:55:11.173352,1557870911.0,192.168.60.219,52671,b'+|200|100',b'0|300.0'
2019-05-14T16:55:11.189228,1557870911.0,192.168.60.219,52704,b'+|200|100',b'0|300.0'
2019-05-14T16:55:11.197020,1557870911.0,192.168.60.219,52776,b'+|200|100',b'0|300.0'
2019-05-14T16:55:11.205242,1557870911.0,192.168.60.219,52885,b'+|200|100',b'0|300.0'
2019-05-14T16:55:11.213109,1557870911.0,192.168.60.219,52845,b'+|200|100',b'0|300.0'
2019-05-14T16:55:11.221279,1557870911.0,192.168.60.219,53049,b'+|200|100',b'0|300.0'
2019-05-14T16:55:11.229141,1557870911.0,192.168.60.219,53027,b'+|200|100',b'0|300.0'
2019-05-14T16:55:11.237037,1557870911.0,192.168.60.219,53124,b'+|200|100',b'0|300.0'
2019-05-14T16:55:11.245021,1557870911.0,192.168.60.219,53157,b'+|200|100',b'0|300.0'
2019-05-14T16:55:11.253326,1557870911.0,192.168.60.219,53237,b'+|200|100',b'0|300.0'
2019-05-14T16:55:11.261331,1557870911.0,192.168.60.219,53257,b'+|200|100',b'0|300.0'
2019-05-14T16:55:11.269500,1557870911.0,192.168.60.219,53047,b'+|200|100',b'0|300.0'
2019-05-14T16:55:11.277580,1557870911.0,192.168.60.219,53035,b'+|200|100',b'0|300.0'
2019-05-14T16:55:17.056866,1557870917.0,192.168.60.219,52506,b'+|200|100',b'0|300.0'
2019-05-14T16:55:17.064530,1557870917.0,192.168.60.219,52480,b'+|200|100',b'0|300.0'
2019-05-14T16:55:17.072255,1557870917.0,192.168.60.219,52485,b'+|200|100',b'0|300.0'
2019-05-14T16:55:17.080036,1557870917.0,192.168.60.219,52523,b'+|200|100',b'0|300.0'
2019-05-14T16:55:17.088446,1557870917.0,192.168.60.219,52532,b'+|200|100',b'0|300.0'
2019-05-14T16:55:17.096269,1557870917.0,192.168.60.219,52526,b'+|200|100',b'0|300.0'
2019-05-14T16:55:17.136733,1557870917.0,192.168.60.219,52451,b'+|200|100',b'0|300.0'
2019-05-14T16:55:17.104186,1557870917.0,192.168.60.219,52529,b'+|200|100',b'0|300.0'
2019-05-14T16:55:17.112112,1557870917.0,192.168.60.219,52549,b'+|200|100',b'0|300.0'
2019-05-14T16:55:17.144909,1557870917.0,192.168.60.219,52512,b'+|200|100',b'0|300.0'
2019-05-14T16:55:17.120796,1557870917.0,192.168.60.219,52439,b'+|200|100',b'0|300.0'
2019-05-14T16:55:17.128760,1557870917.0,192.168.60.219,52479,b'+|200|100',b'0|300.0'
2019-05-14T16:55:17.153610,1557870917.0,192.168.60.219,52519,b'+|200|100',b'0|300.0'
2019-05-14T16:55:21.193171,1557870921.0,192.168.61.76,54152,b'+|200|100',b'0|300.0'
2019-05-14T16:55:21.481264,1557870921.0,192.168.61.76,54808,b'+|200|100',b'0|300.0'
2019-05-14T16:55:21.489278,1557870921.0,192.168.61.76,54814,b'+|200|100',b'0|300.0'
2019-05-14T16:55:21.497940,1557870921.0,192.168.61.76,55240,b'+|200|100',b'0|300.0'
2019-05-14T16:55:21.506117,1557870921.0,192.168.61.76,54778,b'+|200|100',b'0|300.0'
2019-05-14T16:55:21.514482,1557870921.0,192.168.61.76,55020,b'+|200|100',b'0|300.0'
2019-05-14T16:55:21.523475,1557870921.0,192.168.61.76,55018,b'+|200|100',b'0|300.0'
2019-05-14T16:55:21.531466,1557870921.0,192.168.61.76,54802,b'+|200|100',b'0|300.0'
2019-05-14T16:55:21.539907,1557870921.0,192.168.61.76,54798,b'+|200|100',b'0|300.0'
2019-05-14T16:55:21.548277,1557870921.0,192.168.61.76,55218,b'+|200|100',b'0|300.0'
2019-05-14T16:55:21.556896,1557870921.0,192.168.61.76,55212,b'+|200|100',b'0|300.0'
2019-05-14T16:55:21.565107,1557870921.0,192.168.61.76,54818,b'+|200|100',b'0|300.0'
2019-05-14T16:55:21.573838,1557870921.0,192.168.61.76,55228,b'+|200|100',b'0|300.0'
2019-05-14T16:55:22.218238,1557870922.0,192.168.61.76,55372,b'+|200|100',b'0|300.0'
2019-05-14T16:55:22.226315,1557870922.0,192.168.61.76,55410,b'+|200|100',b'0|300.0'
2019-05-14T16:55:22.278313,1557870922.0,192.168.61.76,55448,b'+|200|100',b'0|300.0'
2019-05-14T16:55:22.235208,1557870922.0,192.168.61.76,55530,b'+|200|100',b'0|300.0'
2019-05-14T16:55:22.243508,1557870922.0,192.168.61.76,55542,b'+|200|100',b'0|300.0'
2019-05-14T16:55:22.252386,1557870922.0,192.168.61.76,55504,b'+|200|100',b'0|300.0'
2019-05-14T16:55:22.261252,1557870922.0,192.168.61.76,55564,b'+|200|100',b'0|300.0'
2019-05-14T16:55:22.313215,1557870922.0,192.168.61.76,55520,b'+|200|100',b'0|300.0'
2019-05-14T16:55:22.269590,1557870922.0,192.168.61.76,55446,b'+|200|100',b'0|300.0'
2019-05-14T16:55:22.287303,1557870922.0,192.168.61.76,55548,b'+|200|100',b'0|300.0'
2019-05-14T16:55:22.295891,1557870922.0,192.168.61.76,55462,b'+|200|100',b'0|300.0'
2019-05-14T16:55:22.304487,1557870922.0,192.168.61.76,55544,b'+|200|100',b'0|300.0'
2019-05-14T16:55:28.670666,1557870928.0,192.168.60.219,52370,b'+|200|100',b'0|300.0'
2019-05-14T16:55:28.683561,1557870928.0,192.168.60.219,52431,b'+|200|100',b'0|300.0'
2019-05-14T16:55:28.692487,1557870928.0,192.168.60.219,52408,b'+|200|100',b'0|300.0'
2019-05-14T16:55:28.702451,1557870928.0,192.168.60.219,52418,b'+|200|100',b'0|300.0'
2019-05-14T16:55:28.711159,1557870928.0,192.168.60.219,52405,b'+|200|100',b'0|300.0'
2019-05-14T16:55:28.720380,1557870928.0,192.168.60.219,52400,b'+|200|100',b'0|300.0'
2019-05-14T16:55:28.728753,1557870928.0,192.168.60.219,52375,b'+|200|100',b'0|300.0'
2019-05-14T16:55:28.738240,1557870928.0,192.168.60.219,52385,b'+|200|100',b'0|300.0'
2019-05-14T16:55:28.792449,1557870928.0,192.168.60.219,52568,b'+|200|100',b'0|300.0'
2019-05-14T16:55:28.746984,1557870928.0,192.168.60.219,52350,b'+|200|100',b'0|300.0'
2019-05-14T16:55:28.755898,1557870928.0,192.168.60.219,52402,b'+|200|100',b'0|300.0'
2019-05-14T16:55:28.764908,1557870928.0,192.168.60.219,52396,b'+|200|100',b'0|300.0'
2019-05-14T16:55:28.774236,1557870928.0,192.168.60.219,52383,b'+|200|100',b'0|300.0'
2019-05-14T16:55:28.783136,1557870928.0,192.168.60.219,52364,b'+|200|100',b'0|300.0'
2019-05-14T16:55:28.801527,1557870928.0,192.168.60.219,52598,b'+|200|100',b'0|300.0'
2019-05-14T16:55:28.810780,1557870928.0,192.168.60.219,52627,b'+|200|100',b'0|300.0'
2019-05-14T16:55:28.819855,1557870928.0,192.168.60.219,52587,b'+|200|100',b'0|300.0'
2019-05-14T16:55:28.838551,1557870928.0,192.168.60.219,52702,b'+|200|100',b'0|300.0'
2019-05-14T16:55:28.829056,1557870928.0,192.168.60.219,52638,b'+|200|100',b'0|300.0'
2019-05-14T16:55:28.847760,1557870928.0,192.168.60.219,52839,b'+|200|100',b'0|300.0'
2019-05-14T16:55:28.857211,1557870928.0,192.168.60.219,52861,b'+|200|100',b'0|300.0'
2019-05-14T16:55:28.866447,1557870928.0,192.168.60.219,53018,b'+|200|100',b'0|300.0'
2019-05-14T16:55:28.875595,1557870928.0,192.168.60.219,53021,b'+|200|100',b'0|300.0'
2019-05-14T16:55:28.884949,1557870928.0,192.168.60.219,53110,b'+|200|100',b'0|300.0'
2019-05-14T16:55:28.894317,1557870928.0,192.168.60.219,53134,b'+|200|100',b'0|300.0'
2019-05-14T16:55:28.903650,1557870928.0,192.168.60.219,53251,b'+|200|100',b'0|300.0'
2019-05-14T16:55:43.524662,1557870943.0,192.168.60.219,52490,b'+|200|100',b'0|300.0'
2019-05-14T16:55:43.541927,1557870943.0,192.168.60.219,52473,b'+|200|100',b'0|300.0'
2019-05-14T16:55:43.554393,1557870943.0,192.168.60.219,52496,b'+|200|100',b'0|300.0'
2019-05-14T16:55:43.566084,1557870943.0,192.168.60.219,52540,b'+|200|100',b'0|300.0'
2019-05-14T16:55:43.579774,1557870943.0,192.168.60.219,52449,b'+|200|100',b'0|300.0'
2019-05-14T16:55:43.589198,1557870943.0,192.168.60.219,52533,b'+|200|100',b'0|300.0'
2019-05-14T16:55:43.645182,1557870943.0,192.168.60.219,52484,b'+|200|100',b'0|300.0'
2019-05-14T16:55:43.600360,1557870943.0,192.168.60.219,52452,b'+|200|100',b'0|300.0'
2019-05-14T16:55:43.610509,1557870943.0,192.168.60.219,52433,b'+|200|100',b'0|300.0'
2019-05-14T16:55:43.623542,1557870943.0,192.168.60.219,52492,b'+|200|100',b'0|300.0'
2019-05-14T16:55:43.633229,1557870943.0,192.168.60.219,52459,b'+|200|100',b'0|300.0'
2019-05-14T16:55:43.658666,1557870943.0,192.168.60.219,52454,b'+|200|100',b'0|300.0'
2019-05-14T16:55:43.667908,1557870943.0,192.168.60.219,52476,b'+|200|100',b'0|300.0'
2019-05-14T16:55:43.679399,1557870943.0,192.168.60.219,52555,b'+|200|100',b'0|300.0'
2019-05-14T16:55:48.332331,1557870948.0,192.168.61.76,54816,b'+|200|100',b'0|300.0'
2019-05-14T16:55:48.343688,1557870948.0,192.168.61.76,55216,b'+|200|100',b'0|300.0'
2019-05-14T16:55:50.409716,1557870950.0,192.168.61.76,53646,b'+|200|100',b'0|300.0'
2019-05-14T16:55:50.425537,1557870950.0,192.168.61.76,53668,b'+|200|100',b'0|300.0'
2019-05-14T16:55:50.436933,1557870950.0,192.168.61.76,53634,b'+|200|100',b'0|300.0'
2019-05-14T16:55:50.487797,1557870950.0,192.168.61.76,53666,b'+|200|100',b'0|300.0'
2019-05-14T16:55:50.457701,1557870950.0,192.168.61.76,53670,b'+|200|100',b'0|300.0'
2019-05-14T16:55:50.467568,1557870950.0,192.168.61.76,53652,b'+|200|100',b'0|300.0'
2019-05-14T16:55:50.447089,1557870950.0,192.168.61.76,54012,b'+|200|100',b'0|300.0'
2019-05-14T16:55:50.477968,1557870950.0,192.168.61.76,53656,b'+|200|100',b'0|300.0'
2019-05-14T16:55:50.497707,1557870950.0,192.168.61.76,53724,b'+|200|100',b'0|300.0'
2019-05-14T16:55:50.508086,1557870950.0,192.168.61.76,53782,b'+|200|100',b'0|300.0'
2019-05-14T16:55:50.518492,1557870950.0,192.168.61.76,53966,b'+|200|100',b'0|300.0'
2019-05-14T16:55:50.528480,1557870950.0,192.168.61.76,53716,b'+|200|100',b'0|300.0'
2019-05-14T16:56:03.921892,1557870963.0,192.168.60.219,52374,b'+|200|100',b'0|300.0'
2019-05-14T16:56:03.920675,1557870963.0,192.168.60.219,52342,b'+|200|100',b'0|300.0'
2019-05-14T16:56:03.914590,1557870963.0,192.168.60.219,52430,b'+|200|100',b'0|300.0'
2019-05-14T16:56:03.917496,1557870963.0,192.168.60.219,52363,b'+|200|100',b'0|300.0'
2019-05-14T16:56:03.915584,1557870963.0,192.168.60.219,52425,b'+|200|100',b'0|300.0'
2019-05-14T16:56:03.916558,1557870963.0,192.168.60.219,52387,b'+|200|100',b'0|300.0'
2019-05-14T16:56:03.918450,1557870963.0,192.168.60.219,52426,b'+|200|100',b'0|300.0'
2019-05-14T16:56:03.920008,1557870963.0,192.168.60.219,52390,b'+|200|100',b'0|300.0'
2019-05-14T16:56:03.924331,1557870963.0,192.168.60.219,52382,b'+|200|100',b'0|300.0'
2019-05-14T16:56:03.923595,1557870963.0,192.168.60.219,52419,b'+|200|100',b'0|300.0'
2019-05-14T16:56:03.925508,1557870963.0,192.168.60.219,52397,b'+|200|100',b'0|300.0'
2019-05-14T16:56:03.926811,1557870963.0,192.168.60.219,52379,b'+|200|100',b'0|300.0'
2019-05-14T16:56:03.957998,1557870963.0,192.168.60.219,53137,b'+|200|100',b'0|300.0'
2019-05-14T16:56:03.974307,1557870963.0,192.168.60.219,52650,b'+|200|100',b'0|300.0'
2019-05-14T16:56:03.977818,1557870963.0,192.168.60.219,52612,b'+|200|100',b'0|300.0'
2019-05-14T16:56:03.975327,1557870963.0,192.168.60.219,52720,b'+|200|100',b'0|300.0'
2019-05-14T16:56:03.976584,1557870963.0,192.168.60.219,52748,b'+|200|100',b'0|300.0'
2019-05-14T16:56:03.980617,1557870963.0,192.168.60.219,52692,b'+|200|100',b'0|300.0'
2019-05-14T16:56:03.982092,1557870963.0,192.168.60.219,52645,b'+|200|100',b'0|300.0'
2019-05-14T16:56:03.979700,1557870963.0,192.168.60.219,52630,b'+|200|100',b'0|300.0'
2019-05-14T16:56:03.985228,1557870963.0,192.168.60.219,52647,b'+|200|100',b'0|300.0'
2019-05-14T16:56:03.986125,1557870963.0,192.168.60.219,52617,b'+|200|100',b'0|300.0'
2019-05-14T16:56:03.983371,1557870963.0,192.168.60.219,52620,b'+|200|100',b'0|300.0'
2019-05-14T16:56:03.990276,1557870963.0,192.168.60.219,52648,b'+|200|100',b'0|300.0'
2019-05-14T16:56:03.988564,1557870963.0,192.168.60.219,52614,b'+|200|100',b'0|300.0'
2019-05-14T16:56:03.992655,1557870963.0,192.168.60.219,52994,b'+|200|100',b'0|300.0'
2019-05-14T16:56:03.992649,1557870963.0,192.168.60.219,52869,b'+|200|100',b'0|300.0'
2019-05-14T16:56:03.995249,1557870963.0,192.168.60.219,53016,b'+|200|100',b'0|300.0'
2019-05-14T16:56:03.996543,1557870963.0,192.168.60.219,53002,b'+|200|100',b'0|300.0'
2019-05-14T16:56:03.995042,1557870963.0,192.168.60.219,52980,b'+|200|100',b'0|300.0'
2019-05-14T16:56:03.998662,1557870963.0,192.168.60.219,53008,b'+|200|100',b'0|300.0'
2019-05-14T16:56:04.000805,1557870964.0,192.168.60.219,52966,b'+|200|100',b'0|300.0'
2019-05-14T16:56:04.000790,1557870964.0,192.168.60.219,52988,b'+|200|100',b'0|300.0'
2019-05-14T16:56:04.002864,1557870964.0,192.168.60.219,52908,b'+|200|100',b'0|300.0'
2019-05-14T16:56:04.005582,1557870964.0,192.168.60.219,52969,b'+|200|100',b'0|300.0'
2019-05-14T16:56:04.006231,1557870964.0,192.168.60.219,52900,b'+|200|100',b'0|300.0'
2019-05-14T16:56:04.004706,1557870964.0,192.168.60.219,52879,b'+|200|100',b'0|300.0'
2019-05-14T16:56:04.007773,1557870964.0,192.168.60.219,53071,b'+|200|100',b'0|300.0'
2019-05-14T16:56:04.009859,1557870964.0,192.168.60.219,52930,b'+|200|100',b'0|300.0'
2019-05-14T16:56:04.010219,1557870964.0,192.168.60.219,53033,b'+|200|100',b'0|300.0'
2019-05-14T16:56:04.014129,1557870964.0,192.168.60.219,53074,b'+|200|100',b'0|300.0'
2019-05-14T16:56:04.012867,1557870964.0,192.168.60.219,53061,b'+|200|100',b'0|300.0'
2019-05-14T16:56:04.012053,1557870964.0,192.168.60.219,52979,b'+|200|100',b'0|300.0'
2019-05-14T16:56:04.015675,1557870964.0,192.168.60.219,52870,b'+|200|100',b'0|300.0'
2019-05-14T16:56:04.017440,1557870964.0,192.168.60.219,53085,b'+|200|100',b'0|300.0'
2019-05-14T16:56:04.021540,1557870964.0,192.168.60.219,52898,b'+|200|100',b'0|300.0'
2019-05-14T16:56:04.019588,1557870964.0,192.168.60.219,52971,b'+|200|100',b'0|300.0'
2019-05-14T16:56:04.021197,1557870964.0,192.168.60.219,53142,b'+|200|100',b'0|300.0'
2019-05-14T16:56:04.024358,1557870964.0,192.168.60.219,53051,b'+|200|100',b'0|300.0'
2019-05-14T16:56:04.022846,1557870964.0,192.168.60.219,53043,b'+|200|100',b'0|300.0'
2019-05-14T16:56:04.026126,1557870964.0,192.168.60.219,53058,b'+|200|100',b'0|300.0'
2019-05-14T16:56:04.028978,1557870964.0,192.168.60.219,53025,b'+|200|100',b'0|300.0'
2019-05-14T16:56:04.027206,1557870964.0,192.168.60.219,53077,b'+|200|100',b'0|300.0'
2019-05-14T16:56:04.033411,1557870964.0,192.168.60.219,53097,b'+|200|100',b'0|300.0'
2019-05-14T16:56:04.032192,1557870964.0,192.168.60.219,53036,b'+|200|100',b'0|300.0'
2019-05-14T16:56:04.035118,1557870964.0,192.168.60.219,53168,b'+|200|100',b'0|300.0'
2019-05-14T16:56:04.036725,1557870964.0,192.168.60.219,53162,b'+|200|100',b'0|300.0'
2019-05-14T16:56:04.041894,1557870964.0,192.168.60.219,53276,b'+|200|100',b'0|300.0'
2019-05-14T16:56:04.038772,1557870964.0,192.168.60.219,53044,b'+|200|100',b'0|300.0'
2019-05-14T16:56:04.045948,1557870964.0,192.168.60.219,53303,b'+|200|100',b'0|300.0'
2019-05-14T16:56:04.043234,1557870964.0,192.168.60.219,53298,b'+|200|100',b'0|300.0'
2019-05-14T16:56:04.045241,1557870964.0,192.168.60.219,53247,b'+|200|100',b'0|300.0'
2019-05-14T16:56:04.050392,1557870964.0,192.168.60.219,53267,b'+|200|100',b'0|300.0'
2019-05-14T16:56:04.049684,1557870964.0,192.168.60.219,53239,b'+|200|100',b'0|300.0'
2019-05-14T16:56:04.047556,1557870964.0,192.168.60.219,53229,b'+|200|100',b'0|300.0'
2019-05-14T16:56:04.051871,1557870964.0,192.168.60.219,53309,b'+|200|100',b'0|300.0'
2019-05-14T16:56:04.053900,1557870964.0,192.168.60.219,53203,b'+|200|100',b'0|300.0'
2019-05-14T16:56:04.055937,1557870964.0,192.168.60.219,53297,b'+|200|100',b'0|300.0'
2019-05-14T16:56:04.056356,1557870964.0,192.168.60.219,53321,b'+|200|100',b'0|300.0'
2019-05-14T16:56:04.057949,1557870964.0,192.168.60.219,52679,b'+|200|100',b'0|300.0'
2019-05-14T16:56:04.059181,1557870964.0,192.168.60.219,53191,b'+|200|100',b'0|300.0'
2019-05-14T16:56:04.062214,1557870964.0,192.168.60.219,53266,b'+|200|100',b'0|300.0'
2019-05-14T16:56:04.061232,1557870964.0,192.168.60.219,53169,b'+|200|100',b'0|300.0'
2019-05-14T16:56:04.066280,1557870964.0,192.168.60.219,53215,b'+|200|100',b'0|300.0'
2019-05-14T16:56:04.063859,1557870964.0,192.168.60.219,53320,b'+|200|100',b'0|300.0'
2019-05-14T16:56:04.069286,1557870964.0,192.168.60.219,52687,b'+|200|100',b'0|300.0'
2019-05-14T16:56:04.067201,1557870964.0,192.168.60.219,52657,b'+|200|100',b'0|300.0'
2019-05-14T16:56:04.074338,1557870964.0,192.168.60.219,53274,b'+|200|100',b'0|300.0'
2019-05-14T16:56:04.071068,1557870964.0,192.168.60.219,53279,b'+|200|100',b'0|300.0'
2019-05-14T16:56:04.077563,1557870964.0,192.168.60.219,53294,b'+|200|100',b'0|300.0'
2019-05-14T16:56:04.075590,1557870964.0,192.168.60.219,53312,b'+|200|100',b'0|300.0'
2019-05-14T16:56:04.080038,1557870964.0,192.168.60.219,53317,b'+|200|100',b'0|300.0'
2019-05-14T16:56:04.081529,1557870964.0,192.168.60.219,53322,b'+|200|100',b'0|300.0'
2019-05-14T16:56:04.079557,1557870964.0,192.168.60.219,53241,b'+|200|100',b'0|300.0'
2019-05-14T16:56:04.086171,1557870964.0,192.168.60.219,52591,b'+|200|100',b'0|300.0'
2019-05-14T16:56:04.083649,1557870964.0,192.168.60.219,53235,b'+|200|100',b'0|300.0'
2019-05-14T16:56:04.084671,1557870964.0,192.168.60.219,53269,b'+|200|100',b'0|300.0'
2019-05-14T16:56:36.432767,1557870996.0,192.168.60.219,52545,b'+|200|100',b'0|300.0'
2019-05-14T16:56:36.418234,1557870996.0,192.168.60.219,52524,b'+|200|100',b'0|300.0'
2019-05-14T16:56:36.437273,1557870996.0,192.168.60.219,52500,b'+|200|100',b'0|300.0'
2019-05-14T16:56:36.415993,1557870996.0,192.168.60.219,52542,b'+|200|100',b'0|300.0'
2019-05-14T16:56:36.416634,1557870996.0,192.168.60.219,52516,b'+|200|100',b'0|300.0'
2019-05-14T16:56:36.417476,1557870996.0,192.168.60.219,52528,b'+|200|100',b'0|300.0'
2019-05-14T16:56:36.436705,1557870996.0,192.168.60.219,52541,b'+|200|100',b'0|300.0'
2019-05-14T16:56:36.441978,1557870996.0,192.168.60.219,52517,b'+|200|100',b'0|300.0'
2019-05-14T16:56:36.419112,1557870996.0,192.168.60.219,52502,b'+|200|100',b'0|300.0'
2019-05-14T16:56:36.421940,1557870996.0,192.168.60.219,52468,b'+|200|100',b'0|300.0'
2019-05-14T16:56:36.420461,1557870996.0,192.168.60.219,52536,b'+|200|100',b'0|300.0'
2019-05-14T16:56:36.420904,1557870996.0,192.168.60.219,52518,b'+|200|100',b'0|300.0'
2019-05-14T16:56:36.423014,1557870996.0,192.168.60.219,52501,b'+|200|100',b'0|300.0'
2019-05-14T16:56:36.424069,1557870996.0,192.168.60.219,52495,b'+|200|100',b'0|300.0'
2019-05-14T16:56:36.425440,1557870996.0,192.168.60.219,52503,b'+|200|100',b'0|300.0'
2019-05-14T16:56:36.425646,1557870996.0,192.168.60.219,52458,b'+|200|100',b'0|300.0'
2019-05-14T16:56:36.426778,1557870996.0,192.168.60.219,52474,b'+|200|100',b'0|300.0'
2019-05-14T16:56:36.427965,1557870996.0,192.168.60.219,52558,b'+|200|100',b'0|300.0'
2019-05-14T16:56:36.430563,1557870996.0,192.168.60.219,52453,b'+|200|100',b'0|300.0'
2019-05-14T16:56:36.430146,1557870996.0,192.168.60.219,52462,b'+|200|100',b'0|300.0'
2019-05-14T16:56:36.431593,1557870996.0,192.168.60.219,52464,b'+|200|100',b'0|300.0'
2019-05-14T16:56:36.433833,1557870996.0,192.168.60.219,52489,b'+|200|100',b'0|300.0'
2019-05-14T16:56:36.435416,1557870996.0,192.168.60.219,52546,b'+|200|100',b'0|300.0'
2019-05-14T16:56:36.434642,1557870996.0,192.168.60.219,52535,b'+|200|100',b'0|300.0'
2019-05-14T16:56:39.117942,1557870999.0,192.168.60.219,52392,b'+|200|100',b'0|300.0'
2019-05-14T16:56:39.118716,1557870999.0,192.168.60.219,52389,b'+|200|100',b'0|300.0'
2019-05-14T16:56:39.129793,1557870999.0,192.168.60.219,52380,b'+|200|100',b'0|300.0'
2019-05-14T16:56:39.131931,1557870999.0,192.168.60.219,52399,b'+|200|100',b'0|300.0'
2019-05-14T16:56:39.130804,1557870999.0,192.168.60.219,52369,b'+|200|100',b'0|300.0'
2019-05-14T16:56:39.146637,1557870999.0,192.168.60.219,52417,b'+|200|100',b'0|300.0'
2019-05-14T16:56:39.223196,1557870999.0,192.168.60.219,52803,b'+|200|100',b'0|300.0'
2019-05-14T16:56:39.228686,1557870999.0,192.168.60.219,52706,b'+|200|100',b'0|300.0'
2019-05-14T16:56:39.235220,1557870999.0,192.168.60.219,52886,b'+|200|100',b'0|300.0'
2019-05-14T16:56:39.243571,1557870999.0,192.168.60.219,52708,b'+|200|100',b'0|300.0'
2019-05-14T16:56:39.231565,1557870999.0,192.168.60.219,52856,b'+|200|100',b'0|300.0'
2019-05-14T16:56:39.250390,1557870999.0,192.168.60.219,52777,b'+|200|100',b'0|300.0'
2019-05-14T16:56:39.218243,1557870999.0,192.168.60.219,52727,b'+|200|100',b'0|300.0'
2019-05-14T16:56:39.262951,1557870999.0,192.168.60.219,52972,b'+|200|100',b'0|300.0'
2019-05-14T16:56:39.277462,1557870999.0,192.168.60.219,52997,b'+|200|100',b'0|300.0'
2019-05-14T16:56:39.222034,1557870999.0,192.168.60.219,52783,b'+|200|100',b'0|300.0'
2019-05-14T16:56:39.219171,1557870999.0,192.168.60.219,52719,b'+|200|100',b'0|300.0'
2019-05-14T16:56:39.221038,1557870999.0,192.168.60.219,52755,b'+|200|100',b'0|300.0'
2019-05-14T16:56:39.220104,1557870999.0,192.168.60.219,52697,b'+|200|100',b'0|300.0'
2019-05-14T16:56:39.224590,1557870999.0,192.168.60.219,52786,b'+|200|100',b'0|300.0'
2019-05-14T16:56:39.225187,1557870999.0,192.168.60.219,52758,b'+|200|100',b'0|300.0'
2019-05-14T16:56:39.226631,1557870999.0,192.168.60.219,52792,b'+|200|100',b'0|300.0'
2019-05-14T16:56:39.228404,1557870999.0,192.168.60.219,52728,b'+|200|100',b'0|300.0'
2019-05-14T16:56:39.230758,1557870999.0,192.168.60.219,52916,b'+|200|100',b'0|300.0'
2019-05-14T16:56:39.230757,1557870999.0,192.168.60.219,52737,b'+|200|100',b'0|300.0'
2019-05-14T16:56:39.233186,1557870999.0,192.168.60.219,53013,b'+|200|100',b'0|300.0'
2019-05-14T16:56:39.235221,1557870999.0,192.168.60.219,53007,b'+|200|100',b'0|300.0'
2019-05-14T16:56:39.241929,1557870999.0,192.168.60.219,52721,b'+|200|100',b'0|300.0'
2019-05-14T16:56:39.239386,1557870999.0,192.168.60.219,52741,b'+|200|100',b'0|300.0'
2019-05-14T16:56:39.239890,1557870999.0,192.168.60.219,52705,b'+|200|100',b'0|300.0'
2019-05-14T16:56:39.241467,1557870999.0,192.168.60.219,52765,b'+|200|100',b'0|300.0'
2019-05-14T16:56:39.246573,1557870999.0,192.168.60.219,52796,b'+|200|100',b'0|300.0'
2019-05-14T16:56:39.245974,1557870999.0,192.168.60.219,52791,b'+|200|100',b'0|300.0'
2019-05-14T16:56:39.244064,1557870999.0,192.168.60.219,52726,b'+|200|100',b'0|300.0'
2019-05-14T16:56:39.248192,1557870999.0,192.168.60.219,52769,b'+|200|100',b'0|300.0'
2019-05-14T16:56:39.248784,1557870999.0,192.168.60.219,52713,b'+|200|100',b'0|300.0'
2019-05-14T16:56:39.251486,1557870999.0,192.168.60.219,52693,b'+|200|100',b'0|300.0'
2019-05-14T16:56:39.256255,1557870999.0,192.168.60.219,53131,b'+|200|100',b'0|300.0'
2019-05-14T16:56:39.258031,1557870999.0,192.168.60.219,53198,b'+|200|100',b'0|300.0'
2019-05-14T16:56:39.255336,1557870999.0,192.168.60.219,53140,b'+|200|100',b'0|300.0'
2019-05-14T16:56:39.258999,1557870999.0,192.168.60.219,53118,b'+|200|100',b'0|300.0'
2019-05-14T16:56:39.261550,1557870999.0,192.168.60.219,53178,b'+|200|100',b'0|300.0'
2019-05-14T16:56:39.261309,1557870999.0,192.168.60.219,53170,b'+|200|100',b'0|300.0'
2019-05-14T16:56:39.265328,1557870999.0,192.168.60.219,53109,b'+|200|100',b'0|300.0'
2019-05-14T16:56:39.264206,1557870999.0,192.168.60.219,53123,b'+|200|100',b'0|300.0'
2019-05-14T16:56:39.266458,1557870999.0,192.168.60.219,53211,b'+|200|100',b'0|300.0'
2019-05-14T16:56:39.268557,1557870999.0,192.168.60.219,53105,b'+|200|100',b'0|300.0'
2019-05-14T16:56:39.268953,1557870999.0,192.168.60.219,53212,b'+|200|100',b'0|300.0'
2019-05-14T16:56:39.270663,1557870999.0,192.168.60.219,53066,b'+|200|100',b'0|300.0'
2019-05-14T16:56:39.273782,1557870999.0,192.168.60.219,53228,b'+|200|100',b'0|300.0'
2019-05-14T16:56:39.271733,1557870999.0,192.168.60.219,53072,b'+|200|100',b'0|300.0'
2019-05-14T16:56:39.272780,1557870999.0,192.168.60.219,53288,b'+|200|100',b'0|300.0'
2019-05-14T16:56:39.274890,1557870999.0,192.168.60.219,53245,b'+|200|100',b'0|300.0'
2019-05-14T16:56:39.278041,1557870999.0,192.168.60.219,52987,b'+|200|100',b'0|300.0'
2019-05-14T16:56:39.280314,1557870999.0,192.168.60.219,53287,b'+|200|100',b'0|300.0'
2019-05-14T16:56:39.279291,1557870999.0,192.168.60.219,53273,b'+|200|100',b'0|300.0'
2019-05-14T16:56:39.282357,1557870999.0,192.168.60.219,53248,b'+|200|100',b'0|300.0'
2019-05-14T16:56:39.284683,1557870999.0,192.168.60.219,52975,b'+|200|100',b'0|300.0'
2019-05-14T16:56:39.284822,1557870999.0,192.168.60.219,53087,b'+|200|100',b'0|300.0'
2019-05-14T16:56:39.288307,1557870999.0,192.168.60.219,53127,b'+|200|100',b'0|300.0'
2019-05-14T16:56:39.292389,1557870999.0,192.168.60.219,53151,b'+|200|100',b'0|300.0'
2019-05-14T16:56:39.307435,1557870999.0,192.168.60.219,53246,b'+|200|100',b'0|300.0'
2019-05-14T16:56:39.289735,1557870999.0,192.168.60.219,53186,b'+|200|100',b'0|300.0'
2019-05-14T16:56:39.286884,1557870999.0,192.168.60.219,53167,b'+|200|100',b'0|300.0'
2019-05-14T16:56:39.286885,1557870999.0,192.168.60.219,53091,b'+|200|100',b'0|300.0'
2019-05-14T16:56:39.291130,1557870999.0,192.168.60.219,53095,b'+|200|100',b'0|300.0'
2019-05-14T16:56:39.293624,1557870999.0,192.168.60.219,53114,b'+|200|100',b'0|300.0'
2019-05-14T16:56:39.297663,1557870999.0,192.168.60.219,53172,b'+|200|100',b'0|300.0'
2019-05-14T16:56:39.296135,1557870999.0,192.168.60.219,53166,b'+|200|100',b'0|300.0'
2019-05-14T16:56:39.295666,1557870999.0,192.168.60.219,53133,b'+|200|100',b'0|300.0'
2019-05-14T16:56:39.301789,1557870999.0,192.168.60.219,53307,b'+|200|100',b'0|300.0'
2019-05-14T16:56:39.300035,1557870999.0,192.168.60.219,53199,b'+|200|100',b'0|300.0'
2019-05-14T16:56:39.298763,1557870999.0,192.168.60.219,53130,b'+|200|100',b'0|300.0'
2019-05-14T16:56:39.306005,1557870999.0,192.168.60.219,53319,b'+|200|100',b'0|300.0'
2019-05-14T16:56:39.303869,1557870999.0,192.168.60.219,53250,b'+|200|100',b'0|300.0'
2019-05-14T16:56:39.304374,1557870999.0,192.168.60.219,53286,b'+|200|100',b'0|300.0'
2019-05-14T16:56:39.317397,1557870999.0,192.168.60.219,52674,b'+|200|100',b'0|300.0'
2019-05-14T16:56:39.318572,1557870999.0,192.168.60.219,52689,b'+|200|100',b'0|300.0'
2019-05-14T16:56:39.322125,1557870999.0,192.168.60.219,52576,b'+|200|100',b'0|300.0'
2019-05-14T16:56:39.319945,1557870999.0,192.168.60.219,52632,b'+|200|100',b'0|300.0'
2019-05-14T16:56:39.326139,1557870999.0,192.168.60.219,52678,b'+|200|100',b'0|300.0'
2019-05-14T16:56:39.324935,1557870999.0,192.168.60.219,53182,b'+|200|100',b'0|300.0'
2019-05-14T16:56:39.323060,1557870999.0,192.168.60.219,52613,b'+|200|100',b'0|300.0'
2019-05-14T16:56:39.330024,1557870999.0,192.168.60.219,52682,b'+|200|100',b'0|300.0'
2019-05-14T16:56:39.328154,1557870999.0,192.168.60.219,52611,b'+|200|100',b'0|300.0'
